-- MariaDB dump 10.19  Distrib 10.5.12-MariaDB, for Linux (x86_64)
--
-- Host: mysql.hostinger.ro    Database: u574849695_22
-- ------------------------------------------------------
-- Server version	10.5.12-MariaDB-cll-lve

/*!40101 SET @OLD_CHARACTER_SET_CLIENT=@@CHARACTER_SET_CLIENT */;
/*!40101 SET @OLD_CHARACTER_SET_RESULTS=@@CHARACTER_SET_RESULTS */;
/*!40101 SET @OLD_COLLATION_CONNECTION=@@COLLATION_CONNECTION */;
/*!40101 SET NAMES utf8mb4 */;
/*!40103 SET @OLD_TIME_ZONE=@@TIME_ZONE */;
/*!40103 SET TIME_ZONE='+00:00' */;
/*!40014 SET @OLD_UNIQUE_CHECKS=@@UNIQUE_CHECKS, UNIQUE_CHECKS=0 */;
/*!40014 SET @OLD_FOREIGN_KEY_CHECKS=@@FOREIGN_KEY_CHECKS, FOREIGN_KEY_CHECKS=0 */;
/*!40101 SET @OLD_SQL_MODE=@@SQL_MODE, SQL_MODE='NO_AUTO_VALUE_ON_ZERO' */;
/*!40111 SET @OLD_SQL_NOTES=@@SQL_NOTES, SQL_NOTES=0 */;

--
-- Table structure for table `communities`
--

DROP TABLE IF EXISTS `communities`;
/*!40101 SET @saved_cs_client     = @@character_set_client */;
/*!40101 SET character_set_client = utf8 */;
CREATE TABLE `communities` (
  `id` bigint(20) unsigned NOT NULL AUTO_INCREMENT,
  `name` varchar(150) COLLATE utf8mb4_unicode_ci DEFAULT NULL,
  `admin_user_id` bigint(20) unsigned NOT NULL,
  UNIQUE KEY `id` (`id`),
  KEY `communities_name_idx` (`name`),
  KEY `admin_user_id` (`admin_user_id`),
  CONSTRAINT `communities_ibfk_1` FOREIGN KEY (`admin_user_id`) REFERENCES `users` (`id`)
) ENGINE=InnoDB AUTO_INCREMENT=101 DEFAULT CHARSET=utf8mb4 COLLATE=utf8mb4_unicode_ci;
/*!40101 SET character_set_client = @saved_cs_client */;

--
-- Dumping data for table `communities`
--

LOCK TABLES `communities` WRITE;
/*!40000 ALTER TABLE `communities` DISABLE KEYS */;
INSERT INTO `communities` VALUES (1,'necessitatibus',1),(2,'architecto',2),(3,'aut',3),(4,'similique',4),(5,'dignissimos',5),(6,'illum',6),(7,'enim',7),(8,'nihil',8),(9,'ratione',9),(10,'pariatur',10),(11,'aut',11),(12,'recusandae',12),(13,'quidem',13),(14,'dolores',14),(15,'earum',15),(16,'non',16),(17,'nostrum',17),(18,'expedita',18),(19,'est',19),(20,'laborum',20),(21,'at',21),(22,'consequatur',22),(23,'similique',23),(24,'id',24),(25,'rerum',25),(26,'quibusdam',26),(27,'aut',27),(28,'voluptas',28),(29,'magni',29),(30,'blanditiis',30),(31,'adipisci',31),(32,'delectus',32),(33,'et',33),(34,'adipisci',34),(35,'eligendi',35),(36,'ut',36),(37,'perspiciatis',37),(38,'accusamus',38),(39,'asperiores',39),(40,'culpa',40),(41,'accusamus',41),(42,'dolores',42),(43,'doloribus',43),(44,'reprehenderit',44),(45,'qui',45),(46,'tempore',46),(47,'saepe',47),(48,'nisi',48),(49,'voluptas',49),(50,'cumque',50),(51,'explicabo',51),(52,'natus',52),(53,'repellat',53),(54,'omnis',54),(55,'error',55),(56,'libero',56),(57,'repellendus',57),(58,'voluptatibus',58),(59,'libero',59),(60,'itaque',60),(61,'non',61),(62,'cumque',62),(63,'in',63),(64,'occaecati',64),(65,'voluptatem',65),(66,'voluptatum',66),(67,'ad',67),(68,'harum',68),(69,'sunt',69),(70,'possimus',70),(71,'iure',71),(72,'delectus',72),(73,'soluta',73),(74,'qui',74),(75,'rerum',75),(76,'praesentium',76),(77,'dicta',77),(78,'atque',78),(79,'totam',79),(80,'dolor',80),(81,'quisquam',81),(82,'nihil',82),(83,'eum',83),(84,'similique',84),(85,'architecto',85),(86,'exercitationem',86),(87,'quia',87),(88,'ullam',88),(89,'vel',89),(90,'nihil',90),(91,'repellendus',91),(92,'ipsa',92),(93,'tempore',93),(94,'ad',94),(95,'asperiores',95),(96,'eius',96),(97,'est',97),(98,'nihil',98),(99,'pariatur',99),(100,'corrupti',100);
/*!40000 ALTER TABLE `communities` ENABLE KEYS */;
UNLOCK TABLES;

--
-- Table structure for table `friend_requests`
--

DROP TABLE IF EXISTS `friend_requests`;
/*!40101 SET @saved_cs_client     = @@character_set_client */;
/*!40101 SET character_set_client = utf8 */;
CREATE TABLE `friend_requests` (
  `initiator_user_id` bigint(20) unsigned NOT NULL,
  `target_user_id` bigint(20) unsigned NOT NULL,
  `status` enum('requested','approved','declined','unfriended') COLLATE utf8mb4_unicode_ci DEFAULT NULL,
  `requested_at` datetime DEFAULT current_timestamp(),
  `updated_at` datetime DEFAULT NULL ON UPDATE current_timestamp(),
  PRIMARY KEY (`initiator_user_id`,`target_user_id`),
  KEY `target_user_id` (`target_user_id`),
  CONSTRAINT `friend_requests_ibfk_1` FOREIGN KEY (`initiator_user_id`) REFERENCES `users` (`id`),
  CONSTRAINT `friend_requests_ibfk_2` FOREIGN KEY (`target_user_id`) REFERENCES `users` (`id`)
) ENGINE=InnoDB DEFAULT CHARSET=utf8mb4 COLLATE=utf8mb4_unicode_ci;
/*!40101 SET character_set_client = @saved_cs_client */;

--
-- Dumping data for table `friend_requests`
--

LOCK TABLES `friend_requests` WRITE;
/*!40000 ALTER TABLE `friend_requests` DISABLE KEYS */;
INSERT INTO `friend_requests` VALUES (1,1,'requested','2015-05-12 17:30:20','1984-10-12 04:17:51'),(2,2,'approved','1976-07-18 13:17:28','2006-07-24 00:44:22'),(3,3,'approved','2006-10-01 00:26:01','1998-08-28 02:18:08'),(4,4,'declined','2022-05-24 22:47:58','1982-03-18 23:41:49'),(5,5,'requested','1976-08-04 03:17:25','1995-06-10 11:25:57'),(6,6,'declined','1981-04-30 09:08:37','1987-11-19 09:25:58'),(7,7,'declined','1972-10-01 06:12:04','2009-07-13 17:55:52'),(8,8,'declined','1972-01-24 15:23:37','2005-04-02 15:41:34'),(9,9,'unfriended','2004-07-19 07:43:33','1980-11-13 05:22:19'),(10,10,'requested','2022-05-12 18:38:05','2004-05-13 23:35:18'),(11,11,'declined','2013-08-17 15:47:48','1977-11-06 15:58:43'),(12,12,'unfriended','1984-11-02 00:00:43','2008-05-30 20:43:31'),(13,13,'declined','2014-11-10 04:13:08','1989-04-27 08:54:38'),(14,14,'requested','1987-05-13 03:41:12','2008-04-18 20:45:28'),(15,15,'declined','2002-12-06 08:10:23','1981-11-28 13:12:49'),(16,16,'requested','2013-02-04 14:57:07','1981-02-01 06:08:00'),(17,17,'declined','2009-06-23 14:39:24','1972-11-19 02:46:17'),(18,18,'unfriended','1994-11-02 15:10:38','2003-11-15 22:27:37'),(19,19,'unfriended','2006-09-05 04:55:10','1987-02-15 20:28:06'),(20,20,'unfriended','2020-03-04 21:19:24','1985-01-02 11:24:31'),(21,21,'approved','1971-04-12 02:13:06','1984-05-12 08:43:41'),(22,22,'declined','2005-03-26 01:27:47','2018-01-24 21:49:02'),(23,23,'requested','2004-11-10 06:42:24','2019-08-25 21:44:08'),(24,24,'approved','1980-06-04 13:23:15','1984-04-24 19:30:02'),(25,25,'unfriended','1972-06-26 07:13:22','2005-05-19 04:16:42'),(26,26,'approved','1982-04-13 01:02:59','1971-01-29 14:07:50'),(27,27,'declined','1997-04-11 03:34:03','2005-01-03 06:12:38'),(28,28,'declined','1994-06-13 15:18:19','1978-07-26 03:35:19'),(29,29,'declined','1976-03-31 15:23:25','2004-05-27 08:36:55'),(30,30,'declined','1974-01-02 12:41:03','2015-05-18 12:03:13'),(31,31,'declined','2021-03-24 14:24:14','1987-03-05 01:09:52'),(32,32,'unfriended','1997-04-29 21:45:33','2012-12-30 19:48:00'),(33,33,'declined','1993-07-01 02:48:06','1994-07-06 05:53:33'),(34,34,'approved','1973-02-22 07:35:45','1997-04-12 12:13:00'),(35,35,'declined','2015-01-16 04:26:53','1983-06-15 22:45:28'),(36,36,'declined','1993-03-27 21:25:53','2004-09-15 14:58:20'),(37,37,'unfriended','2004-10-18 17:28:58','2018-04-23 07:02:25'),(38,38,'declined','2001-10-07 15:42:46','1989-12-23 00:04:49'),(39,39,'unfriended','2000-10-26 15:26:47','1998-07-14 17:36:24'),(40,40,'declined','1986-04-01 03:43:34','1999-09-23 02:58:36'),(41,41,'unfriended','1998-06-22 11:01:49','2007-08-16 19:03:14'),(42,42,'declined','1997-10-21 09:14:29','2006-01-11 14:11:15'),(43,43,'requested','1997-04-19 01:19:26','2000-03-26 11:13:30'),(44,44,'approved','2004-01-28 04:15:47','1996-12-10 14:01:55'),(45,45,'approved','1974-09-25 13:03:15','1987-11-27 01:36:11'),(46,46,'requested','2014-05-25 01:07:41','2001-10-30 09:51:25'),(47,47,'approved','2019-03-25 14:59:08','2003-10-07 12:16:56'),(48,48,'declined','2014-01-12 09:15:25','2011-02-01 00:32:49'),(49,49,'approved','1990-04-10 16:27:51','2013-10-31 16:31:49'),(50,50,'unfriended','1971-07-10 01:37:39','1987-11-16 16:13:54'),(51,51,'declined','1993-06-26 17:54:14','1992-04-24 10:16:05'),(52,52,'approved','2003-11-08 02:21:46','2017-08-24 13:04:29'),(53,53,'unfriended','2011-04-14 03:39:52','2011-02-27 12:21:49'),(54,54,'requested','2013-11-16 11:19:21','1998-03-24 19:38:41'),(55,55,'declined','1975-07-27 05:08:45','2011-04-13 05:54:56'),(56,56,'unfriended','2013-02-23 02:04:23','1970-08-12 15:58:28'),(57,57,'declined','2008-02-07 14:44:17','2016-03-01 04:55:12'),(58,58,'approved','1998-03-07 09:05:47','2005-01-08 00:09:10'),(59,59,'declined','2012-05-14 14:13:13','1981-12-14 05:24:03'),(60,60,'unfriended','2019-05-15 01:56:49','2013-12-24 21:27:45'),(61,61,'approved','1985-12-12 05:28:43','1977-12-17 17:53:24'),(62,62,'requested','2015-08-14 20:33:49','2020-05-24 00:46:46'),(63,63,'unfriended','2005-02-17 05:46:07','1983-04-13 18:21:14'),(64,64,'requested','1984-01-24 19:57:26','1988-04-19 06:33:44'),(65,65,'unfriended','1996-03-28 09:29:32','2002-09-14 11:33:57'),(66,66,'approved','1972-07-24 12:34:45','1993-10-29 04:55:57'),(67,67,'requested','2018-09-02 22:57:48','1986-09-14 00:52:29'),(68,68,'approved','1990-04-02 22:15:56','2020-12-09 20:36:53'),(69,69,'declined','2017-03-02 03:20:30','2011-06-02 00:29:42'),(70,70,'declined','2015-05-17 11:30:55','2016-10-07 20:14:49'),(71,71,'declined','2021-06-10 08:08:41','2018-12-10 23:07:26'),(72,72,'requested','1976-04-07 01:37:07','2014-06-17 18:16:17'),(73,73,'requested','2013-06-27 05:53:04','2018-10-18 10:08:14'),(74,74,'requested','2003-07-04 23:42:09','1991-01-25 00:33:20'),(75,75,'unfriended','1992-04-10 00:18:46','2009-06-19 23:15:42'),(76,76,'declined','2009-03-26 22:55:46','2002-04-13 06:20:23'),(77,77,'declined','2001-12-28 18:38:50','1998-11-01 03:28:17'),(78,78,'unfriended','2014-01-23 16:58:09','1996-01-13 15:38:16'),(79,79,'requested','2010-08-04 23:44:18','1975-05-21 13:21:33'),(80,80,'requested','1970-09-30 07:46:01','1983-07-08 17:25:16'),(81,81,'declined','2013-10-18 03:24:33','1973-08-23 02:36:53'),(82,82,'declined','2002-08-11 14:43:27','2006-02-25 17:47:47'),(83,83,'requested','1977-04-30 09:54:26','2014-06-25 02:35:11'),(84,84,'approved','1987-07-07 05:40:23','1984-09-16 00:08:12'),(85,85,'unfriended','2012-10-10 17:15:48','2002-06-30 09:12:39'),(86,86,'requested','1998-10-10 10:30:49','1994-09-09 22:44:36'),(87,87,'unfriended','2008-05-18 08:14:35','1979-05-30 05:29:14'),(88,88,'unfriended','1992-12-08 19:48:17','1971-06-26 00:14:51'),(89,89,'unfriended','2003-05-27 01:29:21','1971-01-22 15:40:45'),(90,90,'requested','2006-03-08 19:14:15','2015-03-08 12:19:18'),(91,91,'requested','2007-12-31 12:38:22','1992-04-18 00:00:36'),(92,92,'declined','2008-06-27 21:49:49','1979-09-05 09:15:23'),(93,93,'requested','2004-05-18 13:07:20','1988-01-02 06:49:34'),(94,94,'declined','1986-06-11 01:39:00','1977-11-28 19:38:32'),(95,95,'approved','1979-02-13 12:07:20','1996-10-13 10:34:03'),(96,96,'approved','1981-05-18 04:40:40','1981-09-17 09:51:49'),(97,97,'requested','2009-12-27 15:21:29','1981-11-09 13:42:02'),(98,98,'declined','2017-03-15 17:36:19','2013-05-03 18:14:38'),(99,99,'approved','1999-08-01 16:52:59','1999-11-26 12:51:33'),(100,100,'declined','2017-04-06 00:22:09','1981-02-21 21:27:41');
/*!40000 ALTER TABLE `friend_requests` ENABLE KEYS */;
UNLOCK TABLES;

--
-- Table structure for table `likes`
--

DROP TABLE IF EXISTS `likes`;
/*!40101 SET @saved_cs_client     = @@character_set_client */;
/*!40101 SET character_set_client = utf8 */;
CREATE TABLE `likes` (
  `id` bigint(20) unsigned NOT NULL AUTO_INCREMENT,
  `user_id` bigint(20) unsigned NOT NULL,
  `media_id` bigint(20) unsigned NOT NULL,
  `created_at` datetime DEFAULT current_timestamp(),
  UNIQUE KEY `id` (`id`)
) ENGINE=InnoDB AUTO_INCREMENT=101 DEFAULT CHARSET=utf8mb4 COLLATE=utf8mb4_unicode_ci;
/*!40101 SET character_set_client = @saved_cs_client */;

--
-- Dumping data for table `likes`
--

LOCK TABLES `likes` WRITE;
/*!40000 ALTER TABLE `likes` DISABLE KEYS */;
INSERT INTO `likes` VALUES (1,1,1,'2014-10-10 05:03:23'),(2,2,2,'2012-05-07 17:21:24'),(3,3,3,'2007-08-27 13:19:22'),(4,4,4,'2017-12-14 22:09:21'),(5,5,5,'1979-04-08 10:16:15'),(6,6,6,'2012-01-06 05:32:30'),(7,7,7,'2014-04-27 11:14:13'),(8,8,8,'2010-07-10 04:52:39'),(9,9,9,'2007-10-12 03:45:36'),(10,10,10,'1991-08-22 04:59:08'),(11,11,11,'2016-12-24 16:38:53'),(12,12,12,'1971-03-29 21:06:08'),(13,13,13,'2015-11-13 08:23:28'),(14,14,14,'1990-02-19 10:42:01'),(15,15,15,'1980-07-17 23:41:25'),(16,16,16,'2013-06-12 14:45:21'),(17,17,17,'1998-12-07 03:59:10'),(18,18,18,'1986-04-28 00:07:30'),(19,19,19,'1986-05-24 05:37:44'),(20,20,20,'1987-06-10 13:02:12'),(21,21,21,'1970-12-03 14:31:40'),(22,22,22,'2014-03-25 16:47:43'),(23,23,23,'2010-11-04 02:03:01'),(24,24,24,'1998-08-31 02:14:13'),(25,25,25,'1989-01-04 07:05:57'),(26,26,26,'1998-03-27 22:21:35'),(27,27,27,'2011-04-21 18:27:30'),(28,28,28,'1988-12-26 22:28:42'),(29,29,29,'1997-12-14 08:25:20'),(30,30,30,'2003-01-31 07:50:20'),(31,31,31,'1986-02-14 14:01:05'),(32,32,32,'1976-07-21 11:34:49'),(33,33,33,'1999-10-04 05:34:43'),(34,34,34,'1984-12-29 16:13:14'),(35,35,35,'2017-11-23 00:40:38'),(36,36,36,'1992-11-20 19:10:02'),(37,37,37,'2001-04-17 17:57:36'),(38,38,38,'2021-06-26 13:05:27'),(39,39,39,'2000-09-25 15:12:39'),(40,40,40,'2002-07-16 00:29:29'),(41,41,41,'1982-09-16 02:19:45'),(42,42,42,'2015-01-31 08:17:07'),(43,43,43,'1996-03-04 11:06:07'),(44,44,44,'1984-06-23 08:42:59'),(45,45,45,'2018-11-06 04:56:16'),(46,46,46,'2016-09-28 06:27:46'),(47,47,47,'2021-07-12 09:05:08'),(48,48,48,'1984-11-09 23:48:37'),(49,49,49,'2018-10-19 02:37:03'),(50,50,50,'1991-09-20 00:24:25'),(51,51,51,'1989-10-12 15:27:45'),(52,52,52,'1992-12-18 03:37:38'),(53,53,53,'2013-03-08 09:57:26'),(54,54,54,'1974-10-30 19:32:29'),(55,55,55,'1973-05-11 14:17:34'),(56,56,56,'2007-05-03 22:12:20'),(57,57,57,'2014-03-19 22:45:08'),(58,58,58,'2002-09-06 18:50:03'),(59,59,59,'1995-11-28 20:36:44'),(60,60,60,'1973-09-15 00:07:12'),(61,61,61,'1980-05-09 21:02:31'),(62,62,62,'2014-06-02 20:19:10'),(63,63,63,'2014-03-11 01:45:35'),(64,64,64,'1984-10-21 04:00:49'),(65,65,65,'1971-10-21 11:30:06'),(66,66,66,'2021-06-13 06:41:56'),(67,67,67,'1996-02-29 03:01:56'),(68,68,68,'2006-05-15 14:51:22'),(69,69,69,'1991-10-29 06:15:39'),(70,70,70,'1972-11-19 11:37:34'),(71,71,71,'1973-06-14 11:36:32'),(72,72,72,'1978-04-10 14:56:11'),(73,73,73,'1973-11-12 06:25:02'),(74,74,74,'1991-12-22 23:01:26'),(75,75,75,'1991-12-22 04:32:57'),(76,76,76,'2008-12-03 00:43:53'),(77,77,77,'1980-02-23 14:54:58'),(78,78,78,'1980-10-17 06:26:28'),(79,79,79,'2014-08-14 18:51:28'),(80,80,80,'2017-04-10 15:09:54'),(81,81,81,'1985-09-23 04:46:29'),(82,82,82,'2020-10-13 01:57:30'),(83,83,83,'1973-09-21 04:40:37'),(84,84,84,'1986-07-03 03:08:41'),(85,85,85,'2007-05-04 04:58:35'),(86,86,86,'1979-02-28 05:50:09'),(87,87,87,'1984-06-03 11:59:17'),(88,88,88,'1989-10-25 15:13:05'),(89,89,89,'2017-04-14 20:27:35'),(90,90,90,'1991-08-23 04:15:47'),(91,91,91,'1983-02-19 16:02:41'),(92,92,92,'1972-06-23 14:44:51'),(93,93,93,'1984-10-12 17:26:21'),(94,94,94,'2009-03-18 09:50:15'),(95,95,95,'1986-04-04 18:13:24'),(96,96,96,'2021-11-03 09:29:31'),(97,97,97,'1980-07-22 06:27:14'),(98,98,98,'2018-02-15 10:22:31'),(99,99,99,'2001-06-25 18:20:01'),(100,100,100,'1977-11-07 17:00:23');
/*!40000 ALTER TABLE `likes` ENABLE KEYS */;
UNLOCK TABLES;

--
-- Table structure for table `media`
--

DROP TABLE IF EXISTS `media`;
/*!40101 SET @saved_cs_client     = @@character_set_client */;
/*!40101 SET character_set_client = utf8 */;
CREATE TABLE `media` (
  `id` bigint(20) unsigned NOT NULL AUTO_INCREMENT,
  `media_type_id` bigint(20) unsigned NOT NULL,
  `user_id` bigint(20) unsigned NOT NULL,
  `body` text COLLATE utf8mb4_unicode_ci DEFAULT NULL,
  `filename` varchar(255) COLLATE utf8mb4_unicode_ci DEFAULT NULL,
  `size` int(11) DEFAULT NULL,
  `metadata` longtext CHARACTER SET utf8mb4 COLLATE utf8mb4_bin DEFAULT NULL CHECK (json_valid(`metadata`)),
  `created_at` datetime DEFAULT current_timestamp(),
  `updated_at` datetime DEFAULT NULL ON UPDATE current_timestamp(),
  UNIQUE KEY `id` (`id`),
  KEY `user_id` (`user_id`),
  KEY `media_type_id` (`media_type_id`),
  CONSTRAINT `media_ibfk_1` FOREIGN KEY (`user_id`) REFERENCES `users` (`id`),
  CONSTRAINT `media_ibfk_2` FOREIGN KEY (`media_type_id`) REFERENCES `media_types` (`id`)
) ENGINE=InnoDB AUTO_INCREMENT=101 DEFAULT CHARSET=utf8mb4 COLLATE=utf8mb4_unicode_ci;
/*!40101 SET character_set_client = @saved_cs_client */;

--
-- Dumping data for table `media`
--

LOCK TABLES `media` WRITE;
/*!40000 ALTER TABLE `media` DISABLE KEYS */;
INSERT INTO `media` VALUES (1,1,1,'Ut cumque in aut et. Fugit qui iste qui aliquid. Similique nisi est sunt. Fugiat molestiae distinctio nulla ipsam aspernatur neque molestiae similique. Sit dolorem a earum quia facere ut ad sint.','asperiores',0,NULL,'2003-07-15 14:01:41','2015-03-09 02:00:30'),(2,2,2,'Laborum delectus quia ut neque est. Illo quos eum aliquid quis reprehenderit inventore possimus. Culpa facilis cum id quos exercitationem. Libero sit non voluptatem aut dolorem est.','dolorem',27549903,NULL,'2005-03-24 21:48:55','2008-05-22 16:51:03'),(3,3,3,'Ut distinctio dignissimos id repellendus. Explicabo quia aperiam exercitationem iste. Neque minus magni et modi eos. Sint ut rerum dolorum officia.','et',3682627,NULL,'2018-10-21 18:01:12','2016-04-27 03:36:34'),(4,4,4,'Ullam odio minus deleniti illum qui excepturi sit. Eaque consequatur magni consectetur molestiae. Necessitatibus et non alias est deleniti est.','saepe',7,NULL,'1983-11-26 10:19:39','2002-08-08 19:09:38'),(5,5,5,'Perspiciatis natus quos illum iusto eum. Voluptates est eaque ex dolores minima minima. Porro maxime tempore voluptatem.','occaecati',152,NULL,'1982-07-29 11:05:22','1985-04-10 18:40:23'),(6,6,6,'Animi culpa harum veniam aut. Nisi ea qui dolorum dolores alias quam repellat.','doloribus',533,NULL,'1991-12-30 15:01:17','2001-04-19 22:30:43'),(7,7,7,'Non qui similique quibusdam. Et eaque et error accusantium eum expedita.','fuga',8064368,NULL,'1985-09-16 12:07:41','1976-04-01 18:39:16'),(8,8,8,'Saepe et est libero et nulla omnis sequi. Delectus provident sunt rem occaecati architecto impedit ullam. Ea molestiae aut modi est enim nulla aut rem.','nihil',0,NULL,'2017-08-12 14:03:15','1990-08-15 09:31:37'),(9,9,9,'Consequatur omnis facere nostrum voluptatem. Quam illum suscipit harum culpa a. Amet porro voluptatibus suscipit enim eveniet. Qui velit modi est modi quas. Quo accusamus sit cupiditate corrupti non recusandae sunt.','ea',0,NULL,'1987-09-17 02:43:02','1973-12-16 03:41:29'),(10,10,10,'Rem qui alias recusandae consequuntur quaerat. Officiis officia nihil ipsum qui itaque. Commodi dolor exercitationem quia est. Expedita commodi unde earum ut quasi nostrum ipsum consequatur.','blanditiis',5707025,NULL,'1988-05-17 19:04:18','1998-11-04 16:19:35'),(11,11,11,'Laboriosam ab commodi in laboriosam nulla. Laboriosam quam at culpa omnis. Ullam dolorem praesentium in culpa ipsam ratione hic. Sed excepturi consequatur sunt blanditiis nihil dignissimos officiis.','ab',0,NULL,'1974-12-22 14:52:25','1997-05-05 09:19:54'),(12,12,12,'Occaecati expedita architecto autem. Laudantium a deserunt animi sint illum nulla omnis. Tempore eligendi facere reprehenderit quis sunt. Voluptatum excepturi alias id illum natus rem illo. Veniam numquam recusandae tempore.','repudiandae',9549,NULL,'1998-09-15 15:26:31','2007-06-26 12:46:06'),(13,13,13,'Consequatur modi porro culpa voluptatum voluptatem. Suscipit mollitia officiis perferendis aut sunt possimus. Recusandae itaque aut qui natus. Et in omnis laudantium corrupti beatae eos.','porro',869,NULL,'1983-09-13 13:14:59','2007-09-23 05:23:33'),(14,14,14,'Dignissimos impedit vel ab et in qui iure. Facilis molestiae laudantium distinctio quo est ut. Eos accusantium dolores in et ea non enim.','ratione',25,NULL,'2010-01-14 04:44:04','2016-09-09 02:22:37'),(15,15,15,'Cumque blanditiis fuga qui dolor facilis necessitatibus recusandae consectetur. Omnis ratione praesentium non suscipit. Sit beatae quas perspiciatis ducimus soluta. Nostrum occaecati hic dolor quisquam.','est',5,NULL,'2018-09-14 13:40:13','1999-07-17 15:10:47'),(16,16,16,'Quaerat nesciunt magnam eum quaerat repellendus nobis labore. Deserunt dolorem et dolor voluptas consequatur est molestiae. Corporis consequatur sapiente alias quam voluptatem. Pariatur nam culpa commodi nihil voluptas assumenda. Aliquam expedita rerum iusto tempore placeat laboriosam illum quibusdam.','sint',86,NULL,'1985-08-10 23:14:33','2022-08-13 20:05:20'),(17,17,17,'Repellat architecto facilis harum aut eum voluptate sed. Molestiae unde ipsa cumque occaecati ullam in.','perspiciatis',23523,NULL,'2008-10-25 16:03:42','2011-08-06 18:24:44'),(18,18,18,'Sunt cupiditate a suscipit qui nam nisi ab. Blanditiis vel error consequuntur omnis ipsam aliquid. Officia accusamus explicabo quo minus vero.','non',174623,NULL,'2017-07-22 04:01:03','1984-09-20 22:46:13'),(19,19,19,'Exercitationem doloremque et est voluptatem hic omnis. Facilis nobis voluptatem totam at qui atque. Minima incidunt culpa fuga molestiae autem et sapiente.','totam',54726024,NULL,'1985-12-27 00:58:21','2021-12-29 02:41:13'),(20,20,20,'Aut cupiditate qui sit et recusandae magni. Totam officia sunt ut at quis sunt eligendi. Sit est maiores quia deserunt quo esse. Adipisci est aut autem porro quidem consequuntur.','doloremque',0,NULL,'1995-04-09 16:52:20','1977-10-23 14:47:34'),(21,21,21,'Repellendus vel atque odio iusto. Cupiditate modi autem aliquam. Voluptas ut omnis inventore est alias perferendis. Beatae dignissimos sint molestias repellendus at ut.','voluptatem',0,NULL,'1973-10-29 04:08:09','1977-03-06 04:17:06'),(22,22,22,'Omnis rerum aut occaecati animi est iure. Cum maxime ut ea sunt asperiores vel quia. Et aut dignissimos nihil vitae molestiae. Enim fugit consequuntur et minus.','debitis',3,NULL,'2020-07-28 05:41:39','1972-12-10 14:41:36'),(23,23,23,'Tenetur id quia et placeat magnam temporibus doloremque. Eveniet veritatis dolores quas vitae harum pariatur. Dolor ipsam in fugit voluptatibus assumenda sit eaque aliquid. Itaque quia aut suscipit.','similique',868,NULL,'1979-07-08 12:21:10','1973-01-11 09:27:18'),(24,24,24,'Recusandae corrupti vel omnis in. Voluptatem optio nesciunt qui esse eos. Numquam laboriosam rerum consequatur ab. Officiis molestiae dolores deserunt omnis perferendis suscipit saepe consequatur.','placeat',6,NULL,'1979-04-07 05:05:13','2005-08-17 01:18:56'),(25,25,25,'Sunt nisi eveniet omnis fuga ea ut animi perspiciatis. Voluptate recusandae quod minus eveniet quos omnis. Ad quasi sit dignissimos quis maiores voluptatem. Dolorem reprehenderit veritatis dolor corporis inventore rerum.','commodi',39946586,NULL,'2006-05-03 16:05:11','2002-04-21 15:33:50'),(26,26,26,'Eius ex provident reiciendis facilis. Voluptas veritatis rerum ducimus qui non rerum. Porro aut atque est soluta labore expedita sed. Atque dolor illum odit voluptas et.','placeat',889081017,NULL,'2022-03-28 09:22:54','1974-04-22 01:15:28'),(27,27,27,'Eaque consectetur suscipit aut eveniet eum dolores. Consequuntur facere laudantium voluptatem incidunt. Aut qui nulla dolor velit velit.','illum',8168,NULL,'2011-05-31 13:35:34','2000-11-17 16:03:07'),(28,28,28,'Voluptatum distinctio libero aspernatur ea. Velit occaecati sint quia distinctio. Eum quidem harum architecto vel sapiente blanditiis nihil. Reiciendis at omnis nihil quasi aut magnam id.','itaque',293,NULL,'1989-04-21 03:07:06','2018-10-13 11:53:10'),(29,29,29,'Fugiat itaque possimus dolorem consequatur enim magnam. Ut est rerum eum repellat soluta nesciunt. Tempora sint vitae perferendis. Reiciendis quaerat perferendis ea non amet quam dolores.','hic',205,NULL,'1982-04-19 03:10:16','2014-09-29 13:01:53'),(30,30,30,'Eius atque qui optio ut. Blanditiis quia aut odio quos. Odio tenetur atque rerum eum sapiente.','dolores',735925247,NULL,'2012-10-29 18:08:57','2013-05-26 13:17:36'),(31,31,31,'Eos fugiat quo veritatis veritatis. Iste at esse sit sunt dolores quod est voluptas. Nemo consectetur quam amet voluptas.','illum',3535301,NULL,'2015-08-18 05:37:08','1987-11-05 17:34:28'),(32,32,32,'Omnis doloremque porro consequatur culpa possimus est. Vel voluptates autem occaecati illo nulla. Ut fugit sequi sequi in dignissimos voluptatum sit. Facilis fugit atque sunt fugiat.','totam',87610971,NULL,'2003-01-17 15:11:20','1986-09-03 16:28:01'),(33,33,33,'Dolorem enim et magni voluptatum repudiandae minus distinctio. Atque voluptatum debitis vitae voluptas. Quas iure consequatur aut odit nihil deserunt. Quia et sit architecto aperiam sed voluptates.','tempore',0,NULL,'2020-04-07 07:08:12','2002-06-24 10:11:56'),(34,34,34,'Molestias hic unde aperiam et. Laboriosam tenetur ducimus nihil. Est atque quam impedit.','architecto',62382561,NULL,'2011-07-01 17:26:55','1974-04-23 07:14:42'),(35,35,35,'Qui provident optio et. Dolorem vel quo deleniti perferendis aut. Voluptates quo ad non eum. Sint aperiam dolores provident velit sint deleniti.','earum',0,NULL,'2003-03-04 01:58:00','1982-01-28 02:16:00'),(36,36,36,'Illum occaecati est ipsum dolorem architecto. Iusto repudiandae debitis omnis earum. Dolores quaerat voluptatem rerum officiis sit. Deleniti illum autem et fugit ut laboriosam.','repellendus',57,NULL,'1990-06-15 08:56:22','1976-11-16 20:04:14'),(37,37,37,'Mollitia aut non suscipit corrupti totam distinctio est. Aut eius qui eius nisi at velit.','voluptatum',4524,NULL,'1975-04-09 23:08:07','1984-12-12 05:07:25'),(38,38,38,'Autem necessitatibus cupiditate et natus dolor sed. Quia nihil autem qui incidunt ratione eum.','doloribus',82174,NULL,'2005-03-01 07:10:56','1986-02-21 00:06:43'),(39,39,39,'Et sequi molestiae qui veritatis ipsa. Amet nihil vitae dolor dolores quia consequatur.','perspiciatis',407,NULL,'1982-02-03 03:58:58','1986-11-23 18:08:21'),(40,40,40,'Ut quasi similique est. Maiores et libero et corrupti dolorem earum nihil. Sint possimus perferendis nobis vitae aut enim.','ratione',7,NULL,'2000-03-27 14:25:00','2000-10-28 16:10:14'),(41,41,41,'Placeat cupiditate quis autem reiciendis assumenda non. Quis cum molestiae laborum illo animi sed fugit. Sit et molestias numquam temporibus sed aut pariatur. Debitis mollitia quasi debitis est tempora commodi vel. Magni aliquid similique id dolore ipsa quo autem.','libero',6,NULL,'1990-02-26 12:13:38','1978-01-05 22:19:22'),(42,42,42,'Sequi qui quidem velit fugit. Quia hic earum qui rem quia minus sint.','quae',16152683,NULL,'1999-08-09 04:49:21','1978-07-19 16:39:54'),(43,43,43,'Enim quo facilis in id modi repellendus. Provident sed enim sint atque quo. Sapiente enim beatae at perferendis. Sit harum delectus eaque officia dolor officia quam.','necessitatibus',720863,NULL,'1996-08-29 15:41:43','1991-05-15 03:18:17'),(44,44,44,'Qui quos qui blanditiis laboriosam eveniet nobis eos. Quia excepturi error quos.','rerum',882106,NULL,'1974-08-13 21:33:57','1981-05-28 18:22:29'),(45,45,45,'Omnis velit autem est saepe. Consequuntur possimus velit voluptates in illo ut. Voluptatem explicabo iste nesciunt. Voluptates doloribus incidunt voluptatem nam dolor.','sequi',15,NULL,'1998-10-27 03:05:20','2016-02-25 17:16:50'),(46,46,46,'Quia ipsum commodi omnis est voluptate veritatis. Quisquam illum dolor voluptatem et sit hic. Voluptates rerum enim voluptas officia consequuntur.','eveniet',322491,NULL,'1999-05-24 14:14:50','2006-07-12 00:16:54'),(47,47,47,'Quo quisquam quisquam ut molestiae. Dolor omnis autem dolor. Repellendus ut voluptate adipisci qui. Enim porro dolorem possimus quia adipisci sit.','sint',76,NULL,'1986-01-26 06:18:05','2004-04-08 07:18:05'),(48,48,48,'Reprehenderit voluptatem necessitatibus ducimus excepturi sit numquam in. Dolores sint sit delectus modi doloribus debitis. Explicabo nostrum magni perspiciatis dolores.','et',24592490,NULL,'1977-02-16 00:49:12','1974-08-10 18:46:07'),(49,49,49,'Porro dolor labore nulla doloribus quae voluptatum. Aut veniam mollitia doloribus iusto. Dolorem ut nihil odit et iste ut tempore est.','modi',0,NULL,'1971-04-10 22:06:59','2007-02-20 17:09:10'),(50,50,50,'Eos minima eos omnis voluptatem. Fuga error itaque ipsa quis animi. Blanditiis voluptas consequatur nisi. Autem est asperiores repellat dolores.','vel',0,NULL,'1970-10-07 17:56:16','1999-12-24 09:30:55'),(51,51,51,'Qui nulla aliquid necessitatibus dolor fugit nesciunt. Qui deserunt iste facere eos veritatis nam autem. Doloribus expedita assumenda ipsam in quae est.','et',747,NULL,'1984-04-29 05:34:04','1997-03-17 20:00:15'),(52,52,52,'Maiores illum qui amet. Odit sunt possimus nesciunt enim nulla explicabo vel. Beatae sit a alias adipisci ea ratione consequatur. Non inventore quas amet nulla et ex incidunt.','quia',110228,NULL,'2020-04-02 00:24:59','2010-10-23 21:37:19'),(53,53,53,'Aut alias molestiae reiciendis enim et. Praesentium debitis id rem suscipit commodi beatae aut.','enim',920998341,NULL,'2012-12-23 02:04:18','1987-10-06 08:08:12'),(54,54,54,'Ut qui rerum eos et accusantium similique fuga. Quasi eligendi impedit voluptatem ut. Aut voluptatum quaerat accusamus quia enim. Fuga dolorum sint similique vel eligendi eum.','ipsa',782088,NULL,'1971-07-21 18:46:05','1999-08-12 17:42:23'),(55,55,55,'Tempora inventore illo ut ut sequi. Atque eaque qui quam recusandae nesciunt dignissimos facilis. Accusamus corporis est magni optio.','et',679,NULL,'1991-06-03 20:09:38','1995-10-06 18:39:10'),(56,56,56,'Cupiditate aut recusandae unde tenetur. Maxime odio placeat rem tempore commodi. Earum modi voluptas tenetur voluptatem dolore velit.','dignissimos',66601223,NULL,'1971-01-02 05:24:40','1978-09-04 18:59:51'),(57,57,57,'Dolores et est quia est numquam. Non molestiae quos fugit eveniet magni. Dolor facere suscipit est nam architecto officia velit eius. Non aut voluptatem sint alias repellat. Autem autem sunt dolorem nesciunt ullam aliquid dicta.','ut',2,NULL,'2001-07-19 12:52:42','1997-11-13 00:05:08'),(58,58,58,'Reiciendis dicta ex odio quidem at nihil officiis voluptates. Maiores commodi voluptatum ad omnis dolor eum dolore corporis. Error rerum ut ut atque voluptatem perferendis vel. Dolores nesciunt facere rerum vel est rerum.','qui',6590,NULL,'2018-04-16 10:06:11','1990-06-29 12:51:33'),(59,59,59,'Delectus sed repellendus aperiam et quo. Doloremque eos quod qui ipsum. Ipsa repellendus non mollitia nemo atque.','laboriosam',4300040,NULL,'1973-02-28 14:15:08','2006-03-17 14:56:05'),(60,60,60,'Et itaque illum atque distinctio consequatur. Eveniet consequatur ut nihil quibusdam qui. Delectus officiis soluta dicta ut voluptatum quod numquam. Aut nesciunt rerum voluptatem in dicta.','aut',55013,NULL,'1995-12-16 10:43:13','1977-10-29 01:51:06'),(61,61,61,'Reiciendis ducimus saepe totam. Aspernatur aut asperiores possimus totam voluptates unde. Est fugit eaque dolor placeat soluta maiores aut consequatur. Reprehenderit voluptates a distinctio.','sunt',552312,NULL,'1982-08-25 10:43:08','2017-04-20 20:46:48'),(62,62,62,'Sed modi ut quae error autem facilis laboriosam. Earum doloremque saepe quo blanditiis omnis recusandae. Sint rem qui odio velit. Pariatur ea occaecati et voluptatibus at sunt.','consequatur',0,NULL,'2021-06-29 10:49:00','1991-09-26 18:16:54'),(63,63,63,'Quo soluta expedita aut laborum rerum et vitae. Sunt ut sequi fugit corporis.','quia',390936052,NULL,'2016-10-01 21:36:25','2012-09-13 23:48:19'),(64,64,64,'Similique nihil quidem fugit vitae sapiente. Aut possimus qui qui quisquam non et ut. Perferendis iusto quas qui iusto explicabo dolor nostrum. Sit error deleniti a sequi modi fugiat.','perspiciatis',0,NULL,'1970-08-31 13:21:14','1985-08-12 08:25:06'),(65,65,65,'Quibusdam ratione modi totam. Voluptatibus impedit repellat laborum necessitatibus numquam. Consequatur sequi itaque ut nesciunt at. Culpa non ex rerum ut ex laboriosam.','dolor',0,NULL,'1972-04-16 04:08:04','1985-09-30 17:02:32'),(66,66,66,'Consequatur nihil harum optio ratione quasi. At sequi repudiandae fugit corrupti. Accusantium similique sint nisi facilis. Dignissimos eos dignissimos quam corporis expedita deleniti.','aperiam',1993734,NULL,'1974-06-28 02:40:55','2001-09-30 11:11:54'),(67,67,67,'Eius voluptatem perspiciatis optio explicabo praesentium et exercitationem. Deserunt eum ea nihil perspiciatis enim ut officia. Accusamus maxime quia totam dolorum expedita aliquam.','ut',3794,NULL,'1976-06-04 00:05:05','2010-09-18 13:43:15'),(68,68,68,'Officia voluptatum distinctio ut perferendis saepe dolores. Natus iste aut ea quae nemo. Omnis laboriosam sequi saepe doloremque.','nihil',4332348,NULL,'2019-06-26 06:13:45','1982-02-20 08:47:31'),(69,69,69,'Ratione deserunt eum ea. Et perferendis enim delectus consequatur dolores delectus dolor. Est commodi provident laboriosam quo sint ab sit pariatur. Qui deserunt non ipsam adipisci autem. Repellendus iure aut deleniti magni architecto perferendis numquam.','quasi',0,NULL,'1972-10-07 13:52:43','1989-05-02 13:01:55'),(70,70,70,'Quibusdam qui ullam autem natus cum sit doloribus sunt. Minus placeat enim blanditiis quia dolores. Incidunt assumenda similique quasi vel excepturi sunt.','commodi',9,NULL,'1992-12-13 13:39:22','1990-11-14 23:40:28'),(71,71,71,'Autem quaerat possimus dicta aliquid voluptatem. Vel tenetur officiis aut modi ratione iste debitis. Ut nisi veritatis dignissimos distinctio soluta. Et ab labore dolores.','omnis',590414420,NULL,'1997-04-26 01:56:46','2011-10-06 00:53:49'),(72,72,72,'Dolor quos qui voluptas nesciunt. Velit nesciunt qui sit. Laudantium molestiae suscipit soluta harum quam. Provident laudantium cumque iusto est.','dolor',383,NULL,'2019-07-11 23:20:00','1972-06-12 03:40:11'),(73,73,73,'Et ea est reprehenderit doloremque dolor. Non numquam facere sapiente aut ullam voluptatem fugit. Ut provident quo cupiditate velit ut.','molestias',708,NULL,'1971-03-22 07:40:32','1984-02-29 20:52:26'),(74,74,74,'Ex sint alias est dolor vitae rerum. Dolorum ut eum eaque aut nesciunt consectetur. Voluptate nihil nobis expedita explicabo aut nisi. Aperiam assumenda tenetur non.','aut',58151842,NULL,'1970-06-14 19:10:01','1991-10-25 02:16:39'),(75,75,75,'Optio quibusdam in labore impedit. Iste corporis in deserunt dolorem atque nihil dolores voluptate. Accusamus architecto ut pariatur velit et. Consequuntur facere officiis porro perferendis quia.','earum',1,NULL,'1973-12-31 19:49:15','2002-10-21 06:15:51'),(76,76,76,'Consequatur at voluptatem qui qui voluptas beatae. Non ea ea omnis voluptas quia. Quis sapiente nihil a. Voluptate quam et aut facere officia.','rerum',42,NULL,'2003-11-20 13:16:15','2015-02-25 15:18:50'),(77,77,77,'Perferendis qui unde minus dicta ut vel tenetur. Excepturi excepturi inventore ratione perferendis. Exercitationem sed voluptatem sed neque aut porro soluta dolorem. Explicabo quis accusantium in rerum officia.','vitae',9302,NULL,'2017-05-29 00:31:27','1990-03-28 10:02:31'),(78,78,78,'Mollitia officia et id nobis quis laudantium minus. Eum esse dolorem temporibus neque eos consectetur. Expedita labore quasi error qui temporibus. Quaerat voluptas neque quis et.','dolore',0,NULL,'2018-09-17 03:51:34','1985-05-09 17:37:30'),(79,79,79,'Omnis eveniet vero impedit repudiandae debitis sed autem. Et officia dolor molestiae ea fugiat. Dolorem sint et similique in facilis ad.','ab',546344,NULL,'2022-08-04 14:22:29','1971-03-18 15:00:21'),(80,80,80,'Distinctio sint culpa in voluptates saepe minus. Iusto sit ab nobis voluptas sunt cumque. Dolor eum qui in odio magni. Doloribus impedit nam et molestias sunt similique blanditiis.','ab',8,NULL,'1971-05-23 21:31:49','2019-09-20 19:59:08'),(81,81,81,'Aliquam iure deserunt eius adipisci rem voluptas. Excepturi aut voluptas ut aut magnam qui. Et voluptas asperiores iste repellendus quam adipisci explicabo.','iusto',0,NULL,'2016-09-06 23:46:06','1990-11-14 23:02:12'),(82,82,82,'Ut quasi nesciunt exercitationem quae in. Aut est unde velit exercitationem quia repellat et. Dicta voluptatum et nesciunt repudiandae tempora sed.','odit',3309,NULL,'1987-11-24 00:04:28','2001-05-22 00:57:43'),(83,83,83,'Sit voluptatibus numquam nostrum explicabo ratione nam. Voluptas sed assumenda eaque eos qui temporibus mollitia. Itaque quia voluptatibus totam sed recusandae.','aut',44286394,NULL,'2015-06-13 10:18:50','1971-05-18 10:57:00'),(84,84,84,'Dolorem consequatur voluptas non eum vitae id soluta. Occaecati illo voluptate enim suscipit et.','minus',671441,NULL,'1970-03-04 03:13:39','1972-10-05 15:03:11'),(85,85,85,'Vero molestias nulla vel. Neque ullam itaque nisi omnis impedit. Ut eos quo eos sunt eveniet harum quidem ab. Rerum ducimus debitis atque voluptatum.','aliquam',1913513,NULL,'2012-05-17 15:51:07','1995-04-06 15:17:32'),(86,86,86,'Laborum enim qui tempore maxime doloremque mollitia accusamus. Nobis quae voluptate quod at dolore. Earum mollitia eum vel.','cum',712,NULL,'2002-02-27 21:54:13','2006-05-14 22:43:23'),(87,87,87,'Voluptatem minus commodi laboriosam culpa officiis suscipit. Quas facere accusamus ullam sed. Quis sunt nihil est dolorum.','minus',3,NULL,'2022-02-13 13:43:51','2021-12-22 00:43:44'),(88,88,88,'Omnis est hic ullam sed ipsam explicabo aliquid. Corporis illum incidunt ab quos labore aliquid magnam. Et qui eum eligendi eligendi accusantium illo qui.','aperiam',28613,NULL,'1992-12-24 04:51:44','1974-06-08 20:33:45'),(89,89,89,'Nihil aut similique nulla aut. Est similique sequi sed modi neque fuga qui nisi. Mollitia animi facere minima eius quasi libero.','voluptatem',707071,NULL,'1994-01-22 02:03:56','1982-05-15 18:33:15'),(90,90,90,'Qui labore aspernatur nulla reiciendis quas. Est sapiente cupiditate accusamus asperiores. Qui fugiat sequi aut optio deserunt quo vero minima. Non aut unde est consequuntur consequatur laborum id unde.','voluptatem',87,NULL,'2010-04-28 12:07:18','2009-01-15 10:53:42'),(91,91,91,'Voluptatem perferendis accusantium corporis itaque eaque. Eum sed error aut id aliquam. Expedita fugit voluptatem aut porro ducimus blanditiis.','maiores',0,NULL,'2013-10-23 16:53:05','2007-03-06 05:46:43'),(92,92,92,'Ullam qui dolorum dolorum et quo eaque velit. Asperiores qui eaque voluptate facilis sit dolorem. Id molestias eos natus. Rerum est id quidem dolores tempore. Praesentium quia amet qui.','dicta',1585,NULL,'2005-10-29 11:03:00','1980-11-30 02:04:18'),(93,93,93,'Veniam blanditiis assumenda quam voluptate doloremque quia aut. Ducimus ducimus distinctio eos voluptas porro asperiores et. Itaque sapiente amet ipsum voluptatem unde ullam voluptas.','officia',872072168,NULL,'2004-06-26 17:30:20','2004-11-22 10:33:14'),(94,94,94,'Officiis atque rerum reiciendis omnis tenetur similique. Voluptas et accusamus dolore nostrum id impedit. Ratione quasi recusandae maiores ut.','qui',6198858,NULL,'1970-04-26 01:47:26','1987-01-02 17:34:28'),(95,95,95,'Consequatur numquam et suscipit vitae veniam. Omnis ex maiores beatae praesentium itaque quo. Ducimus rerum dolores est sunt quam. Suscipit sit aliquid quis in repellat vero. Laborum ipsum quibusdam in dolor esse ratione.','tempore',35,NULL,'1973-12-19 19:03:06','1980-03-22 06:59:26'),(96,96,96,'Alias voluptatem et excepturi hic quas praesentium. Sint porro voluptas itaque omnis sed et officiis modi. Ut eum perferendis excepturi ut corporis esse expedita. Voluptate quam vel rerum. Explicabo et et officia iste temporibus corrupti adipisci rem.','et',189,NULL,'2016-01-12 02:02:38','1996-04-12 23:13:51'),(97,97,97,'Excepturi sunt pariatur error asperiores perspiciatis ut. Et est dignissimos optio labore sint. Quis expedita possimus assumenda ullam non maiores. Et rerum ea rerum rerum.','ea',5692,NULL,'2008-06-28 11:41:44','2017-07-14 15:12:38'),(98,98,98,'Voluptas iste laborum nam reiciendis. Quidem aliquam tempore maxime est hic. Et omnis dolor iusto saepe porro voluptatum dolores harum. Iusto dolores aperiam numquam.','eius',0,NULL,'1975-11-17 23:18:29','1997-06-13 03:15:05'),(99,99,99,'Rerum et quia dicta eius quia. Aut officia non voluptatibus praesentium. Esse modi a aliquid id consectetur porro fugit. Consequatur in aut reiciendis.','perferendis',2959542,NULL,'1972-12-03 10:36:41','2008-08-29 14:53:47'),(100,100,100,'Qui quis illo quam repellat. Est est voluptatibus nihil incidunt modi architecto sit. Ullam id expedita qui et consequuntur quia blanditiis.','reiciendis',9291212,NULL,'2007-01-20 05:32:19','1994-07-22 22:04:55');
/*!40000 ALTER TABLE `media` ENABLE KEYS */;
UNLOCK TABLES;

--
-- Table structure for table `media_types`
--

DROP TABLE IF EXISTS `media_types`;
/*!40101 SET @saved_cs_client     = @@character_set_client */;
/*!40101 SET character_set_client = utf8 */;
CREATE TABLE `media_types` (
  `id` bigint(20) unsigned NOT NULL AUTO_INCREMENT,
  `name` varchar(255) COLLATE utf8mb4_unicode_ci DEFAULT NULL,
  `created_at` datetime DEFAULT current_timestamp(),
  `updated_at` datetime DEFAULT NULL ON UPDATE current_timestamp(),
  UNIQUE KEY `id` (`id`)
) ENGINE=InnoDB AUTO_INCREMENT=5 DEFAULT CHARSET=utf8mb4 COLLATE=utf8mb4_unicode_ci;
/*!40101 SET character_set_client = @saved_cs_client */;

--
-- Dumping data for table `media_types`
--

LOCK TABLES `media_types` WRITE;
/*!40000 ALTER TABLE `media_types` DISABLE KEYS */;
INSERT INTO `media_types` VALUES (1,'dolor','1983-06-12 18:23:56','1994-08-04 13:51:20'),(2,'quae','1996-01-17 22:13:35','2006-07-09 07:31:02'),(3,'culpa','2012-06-29 05:47:32','1989-12-04 16:17:09'),(4,'reiciendis','1977-06-10 18:39:02','1970-12-03 23:11:23');
/*!40000 ALTER TABLE `media_types` ENABLE KEYS */;
UNLOCK TABLES;

--
-- Table structure for table `messages`
--

DROP TABLE IF EXISTS `messages`;
/*!40101 SET @saved_cs_client     = @@character_set_client */;
/*!40101 SET character_set_client = utf8 */;
CREATE TABLE `messages` (
  `id` bigint(20) unsigned NOT NULL AUTO_INCREMENT,
  `from_user_id` bigint(20) unsigned NOT NULL,
  `to_user_id` bigint(20) unsigned NOT NULL,
  `body` text COLLATE utf8mb4_unicode_ci DEFAULT NULL,
  `created_at` datetime DEFAULT current_timestamp(),
  UNIQUE KEY `id` (`id`),
  KEY `from_user_id` (`from_user_id`),
  KEY `to_user_id` (`to_user_id`),
  CONSTRAINT `messages_ibfk_1` FOREIGN KEY (`from_user_id`) REFERENCES `users` (`id`),
  CONSTRAINT `messages_ibfk_2` FOREIGN KEY (`to_user_id`) REFERENCES `users` (`id`)
) ENGINE=InnoDB AUTO_INCREMENT=101 DEFAULT CHARSET=utf8mb4 COLLATE=utf8mb4_unicode_ci;
/*!40101 SET character_set_client = @saved_cs_client */;

--
-- Dumping data for table `messages`
--

LOCK TABLES `messages` WRITE;
/*!40000 ALTER TABLE `messages` DISABLE KEYS */;
INSERT INTO `messages` VALUES (1,1,1,'Itaque sint voluptatem ipsa nam quos earum. Totam sit et rerum aut officiis similique qui. Doloremque sapiente aliquam ex. Officiis ratione animi similique nisi consequatur.','1972-12-03 15:13:52'),(2,2,2,'Ut provident tempora praesentium et qui corrupti ut dolor. Deleniti recusandae deserunt placeat quod. Quibusdam in quia velit est delectus. Neque placeat sint dolores suscipit eos qui.','1996-03-18 15:20:48'),(3,3,3,'Aut omnis qui dolorem unde et. Voluptate porro error in ad veritatis consectetur natus.','2008-10-24 15:01:55'),(4,4,4,'Aperiam reiciendis facere officia eveniet illo aut. Quia iste pariatur facere distinctio natus explicabo. Soluta laborum aut quia atque eos.','1999-05-09 19:37:05'),(5,5,5,'Quibusdam est illum voluptate. Eos odit est totam impedit. Rerum magni voluptatibus temporibus ex sint quis.','1994-10-12 23:20:50'),(6,6,6,'Aut fuga cupiditate quo voluptatem dolore. Ad autem placeat molestias quis et. Ipsum provident ducimus quos vero blanditiis laudantium.','2004-12-23 03:38:03'),(7,7,7,'Optio voluptatem quo et velit. Expedita quo atque dicta quod distinctio. Et sunt temporibus deleniti.','1985-12-09 10:04:38'),(8,8,8,'Labore hic molestias et nobis qui. Aut quaerat minima iusto consequatur occaecati. Ratione id quod sit voluptates. Omnis sint ducimus enim aut et ipsam. Temporibus vel molestiae praesentium consequatur voluptas molestias omnis.','1975-07-12 13:34:16'),(9,9,9,'Sunt voluptatem tenetur voluptas enim velit amet illum earum. Aut ex quas quia quia voluptatem dignissimos nam.','2017-09-07 15:25:50'),(10,10,10,'Facilis non officiis similique molestias occaecati. Officia illum ut harum. Perspiciatis inventore nam sed id et reiciendis non.','2002-11-18 22:38:03'),(11,11,11,'Consequatur eos saepe voluptatem. Aliquam necessitatibus qui suscipit temporibus ut quaerat at et. Minima quo ut harum aliquam eveniet fugit sint. Perferendis minus nihil molestiae incidunt consequatur illum. Est ut quibusdam fugiat incidunt id.','2021-06-16 07:49:06'),(12,12,12,'Labore qui voluptatem consequatur quia fuga. Sint ea corporis cumque voluptatibus aliquid. Harum laborum alias sint rem.','1982-05-06 18:15:52'),(13,13,13,'Eligendi eum impedit explicabo ea consectetur qui fugit. Eius autem qui quisquam ipsam repudiandae impedit. Sed non recusandae ea quo et totam cum.','2008-05-05 22:19:03'),(14,14,14,'Velit nam culpa accusantium ad praesentium et quaerat. Reprehenderit ut dolor non qui cumque voluptates maxime. Alias et nam nostrum molestias distinctio velit ut et.','2015-04-09 00:01:51'),(15,15,15,'Voluptatem fugit et aut ullam et iusto ipsum. Quidem voluptatem alias aspernatur ipsa minima. Illum ut est consequatur laboriosam omnis nihil.','2021-05-22 22:07:45'),(16,16,16,'Labore aut numquam cum molestiae exercitationem officia. Neque at perferendis dolorum ut quod aperiam. Nostrum consequuntur quo dolores id mollitia. Omnis voluptatem esse minus aut quis quaerat omnis porro. Commodi tenetur non est molestias pariatur possimus.','2005-02-01 22:33:27'),(17,17,17,'Officia error et quisquam qui distinctio eos officia. Dolor sequi molestiae ipsum error voluptate velit placeat. Dolorem adipisci corporis itaque. Sed nihil qui doloribus ipsam veritatis.','1986-06-20 09:35:36'),(18,18,18,'Fugit perferendis sapiente et voluptatum. Soluta libero nulla aspernatur repudiandae ex ut. Vel facilis ipsa nam reprehenderit esse est.','1984-10-18 13:21:32'),(19,19,19,'Nam est architecto recusandae qui. Aut ea quo optio velit voluptas. Aut nisi repudiandae excepturi quas.','1975-12-12 10:51:02'),(20,20,20,'Unde neque autem consequatur aut non provident. Quibusdam ex sequi et possimus libero iusto ducimus. Illo itaque recusandae labore sit et sed omnis.','1979-08-19 23:27:40'),(21,21,21,'In voluptatum id incidunt quo id. Quidem quas animi reprehenderit. Laudantium molestias quasi mollitia ut maxime quisquam. Nulla sed error id dolorem minima dolores.','1997-01-12 13:49:30'),(22,22,22,'Molestias officia ut occaecati pariatur et. Delectus beatae aut et iste blanditiis rerum et. Quod et cupiditate nulla et vel exercitationem dolore. Modi ipsam ipsam praesentium.','1978-12-05 03:58:27'),(23,23,23,'Amet enim quasi a qui unde ab est. Iusto odit sint dolore eligendi ipsa odit eveniet. Architecto nulla voluptates in.','1995-12-03 18:46:05'),(24,24,24,'Quis ad repellendus consequuntur enim. Qui voluptatibus quasi sunt. Eius et similique velit. Veniam non rerum voluptatem dignissimos magnam non. Dicta sint dignissimos error ducimus error aut facilis.','2011-04-27 07:39:16'),(25,25,25,'Labore veritatis ut voluptates eius quo quia. Esse magnam id repellat. Accusantium quisquam nihil aut fugit quibusdam. Qui vero temporibus alias ut dicta at.','1977-02-02 09:43:52'),(26,26,26,'Repudiandae nostrum ut ab voluptates quae dignissimos harum voluptas. Occaecati natus est eligendi perferendis et. Rerum molestiae voluptas ut sit amet tempore id.','1983-03-15 02:13:58'),(27,27,27,'Ipsum nihil quasi veritatis odit odio odio. Ut nesciunt neque voluptatem asperiores est deleniti consectetur et. Nulla delectus qui incidunt aperiam et labore amet voluptatem. Vel blanditiis ut nihil ut cumque est omnis eligendi.','1978-01-18 07:04:30'),(28,28,28,'Quae quia adipisci ad in quidem consequatur. Ut fuga consequatur excepturi voluptatem repudiandae exercitationem. Repellendus commodi non dolor est cupiditate. Corporis quasi hic optio et laudantium et ut.','1984-01-24 14:00:06'),(29,29,29,'Quisquam porro aliquid tempora ex iste ea modi in. Dolorum sequi sint et necessitatibus sit. Et est rerum quo quae vel minima. Deserunt ullam magnam laboriosam voluptatem voluptatem numquam.','2007-01-24 13:53:10'),(30,30,30,'Vero voluptatem labore velit accusantium quae. Totam odit aperiam quod sapiente earum. Beatae sit culpa et eaque qui exercitationem qui. Atque maiores enim suscipit et omnis dolores et.','2011-06-27 06:22:58'),(31,31,31,'Sint eius aut nam quibusdam exercitationem iste fugit. Corrupti ut quia ab ut dolorem molestias. Eum consequatur quidem dolorum eos quisquam in. Sunt nulla dignissimos nulla eveniet.','2016-07-14 04:54:56'),(32,32,32,'Atque est dolores id illo amet. Sit modi ea sunt vero vel. Fuga in dolorem pariatur aliquam maxime.','1997-08-21 20:28:22'),(33,33,33,'Id et id est cupiditate omnis beatae minima eos. Enim eveniet perferendis excepturi officiis suscipit accusamus rerum sint. Nam dolor voluptas blanditiis.','2003-03-18 21:49:45'),(34,34,34,'Omnis natus quo reiciendis. Nesciunt consequatur mollitia doloremque aut corrupti. Quo eveniet fugiat reprehenderit qui eum. Perspiciatis id sapiente a. Repudiandae ullam natus minima dolor id ut fuga vel.','2018-01-18 15:56:24'),(35,35,35,'Neque cumque dolorem totam voluptatem ad veritatis. Impedit vero qui sint at ad veniam pariatur. Porro sint reprehenderit officia.','2002-11-09 08:55:39'),(36,36,36,'Error eaque vel eum. Animi omnis iusto maiores distinctio fugiat nisi nihil.','1982-03-30 09:27:01'),(37,37,37,'Soluta facilis necessitatibus atque dolorem dignissimos vel. Aperiam sapiente perferendis dolorem autem. Iusto tempore officiis quod quasi.','1984-07-25 02:19:38'),(38,38,38,'Dolores a nam quo dolor. Consequatur ut quod ut autem.','1994-03-19 20:41:51'),(39,39,39,'Nobis occaecati sit voluptatem non est. Ipsa praesentium iusto explicabo atque. Aut rerum eligendi repudiandae distinctio tempora nobis. Molestiae quidem dolorum eaque voluptas dolor dolores fugiat.','2021-03-03 15:48:35'),(40,40,40,'Dicta suscipit vel expedita recusandae sed aut. Eos fugiat est facere nam modi. Ut recusandae ut possimus rerum.','2012-05-23 07:28:25'),(41,41,41,'Explicabo facere iste voluptatibus sit vitae asperiores eum. Aliquid et rerum modi est cupiditate. Et quis tempora earum iusto quia. Consequatur repellendus nam quo necessitatibus laborum eius.','1982-07-25 23:31:18'),(42,42,42,'Rerum sunt sed dolorem voluptas. Ut aut quibusdam amet molestiae fugiat veritatis eaque. Consequatur alias quis possimus quidem ratione. Et et eos nam eveniet ab. Ipsum laudantium doloribus voluptas nemo officiis quia eligendi.','1998-07-01 04:53:04'),(43,43,43,'Est laboriosam quis rerum id. Laborum laborum distinctio incidunt iste occaecati aut nesciunt. Commodi et distinctio incidunt qui. Sint sint consequatur dolor est. Cumque voluptatibus adipisci autem velit quis alias et.','1983-02-24 03:03:01'),(44,44,44,'Eos porro ut assumenda voluptates. Aliquam id labore accusamus adipisci quo. Ducimus quidem alias odio reprehenderit accusantium.','1976-07-07 07:22:30'),(45,45,45,'Iste similique assumenda sequi ea rem. Molestiae facere quidem exercitationem saepe reiciendis expedita. Voluptatem sed omnis corporis ad.','2020-07-09 20:20:24'),(46,46,46,'Velit magnam ullam ad ut vel ad. Ut voluptatum dolore exercitationem vel. Est optio nemo qui eum ut maiores porro est. Quaerat aspernatur eum dolores provident tenetur ut fuga. Et ut recusandae laborum reiciendis unde.','1978-04-02 10:12:59'),(47,47,47,'Consequatur aut perspiciatis quia quas aperiam. Ut voluptatem maiores assumenda veritatis voluptatem consectetur vitae. Voluptatem reiciendis ut vero impedit doloribus quis illo. Accusamus accusamus quam sapiente asperiores doloribus et perferendis.','2015-07-04 10:15:06'),(48,48,48,'Est corrupti officiis ut et ut voluptatum id qui. Eum et veniam illo dolor aliquam. In repellat ducimus iste blanditiis.','2007-10-04 09:49:36'),(49,49,49,'Velit eum laboriosam magni saepe dolores et asperiores. A dicta et delectus. Magnam ea totam porro laborum vel in explicabo quis. Sed ipsam aliquam eaque molestias sed non.','1997-05-28 22:56:55'),(50,50,50,'Laborum voluptatem ea reprehenderit dolores fugit quo. Et veniam numquam ratione doloribus accusamus culpa ut consequatur. Minus perspiciatis ipsum quas possimus.','1982-04-13 18:50:05'),(51,51,51,'Tempore et commodi qui expedita. Pariatur sit qui tempora ut voluptates. Quod quis atque qui fugiat odio ut. Voluptatem sint dolor suscipit sequi enim dolores. Soluta at et distinctio enim ipsum quae consequatur quos.','2015-12-12 15:32:30'),(52,52,52,'In laboriosam quis voluptates adipisci quia est qui. Debitis soluta ratione ex est voluptas. Illum adipisci unde officiis. Recusandae dolores quia facilis asperiores culpa.','1994-11-23 12:35:54'),(53,53,53,'Ea qui distinctio consequatur aut aliquid molestiae. Alias consequatur distinctio enim hic vero laudantium voluptate. Quaerat aut et et neque quas. Ut iste nemo sapiente repudiandae commodi molestiae.','2001-12-03 19:12:43'),(54,54,54,'Eius quia iusto deserunt laborum aut autem. Quia dolor praesentium consequatur iure et et.','1971-11-29 00:25:47'),(55,55,55,'Ipsa delectus ut cum cum at. Fugiat vero enim ad molestiae aut quis quisquam. Qui qui est harum et dolorum architecto. Veniam reiciendis nihil delectus natus vitae.','1999-01-11 09:55:02'),(56,56,56,'Commodi nemo illum perferendis quae. Officia quis quas accusantium neque repellat. Qui architecto quo ullam corporis sint optio. Voluptates asperiores corrupti consequuntur voluptate ad nulla fuga.','1980-02-04 16:17:30'),(57,57,57,'Possimus rem sit molestiae tenetur dolor ea voluptatem magnam. Ex nihil qui quibusdam vero quaerat incidunt non.','1986-04-13 19:02:36'),(58,58,58,'Laboriosam ut ratione sit voluptatem necessitatibus qui dolorem quis. Et omnis quos sequi. Eligendi fugiat aperiam atque nisi ab.','1973-01-20 05:17:10'),(59,59,59,'Voluptas et delectus ut ullam sunt totam voluptatem. Quasi dolorum vero cum velit. Autem eum similique atque reiciendis molestiae illum. Ut nesciunt fuga adipisci.','1978-12-28 15:55:02'),(60,60,60,'Aut necessitatibus qui expedita autem voluptatem. Aut qui deleniti provident officiis expedita. Est autem ipsa consequatur sed.','2017-05-13 00:56:21'),(61,61,61,'Quia accusamus fugit voluptatem alias amet et temporibus. Commodi et sint error explicabo.','2011-08-30 13:15:21'),(62,62,62,'Numquam reiciendis quo ut harum. Culpa excepturi omnis animi porro. Suscipit et eum mollitia consequuntur perferendis. Fugit rem tempore molestiae quia enim qui assumenda.','1984-01-14 00:41:09'),(63,63,63,'Labore dicta ratione id qui. Iste ab nihil nihil. Dolorum eos similique veritatis quidem quo.','2005-10-01 15:52:27'),(64,64,64,'Earum suscipit eos dolor. Non voluptatem omnis voluptatibus nihil dolorum recusandae corporis. Quisquam amet ut incidunt et. Aut magnam modi necessitatibus blanditiis quo.','1996-08-29 15:59:48'),(65,65,65,'Consectetur ut nobis enim dicta suscipit dolores repellendus assumenda. Eius sequi ipsum aut qui et. Aut et repudiandae et voluptatum enim laudantium. Quaerat distinctio est eum atque quibusdam eaque.','1986-10-03 18:44:18'),(66,66,66,'Explicabo tempora ex ab quis incidunt. Magnam maiores autem enim nihil. Non eius architecto ut ut quibusdam dolor ipsa. Eveniet voluptatum assumenda ratione tempore pariatur consectetur sequi.','1991-06-25 00:38:39'),(67,67,67,'Quisquam a porro et quisquam. Adipisci animi eius nulla occaecati. Officia aut sed quidem vero aut aliquid.','1997-02-28 16:06:31'),(68,68,68,'Ipsum explicabo eos exercitationem omnis. Qui nulla sit minus eaque ea tempora. In veniam odit iste incidunt enim doloribus sunt quae. Itaque itaque vel nemo illo placeat facere. Molestiae totam labore assumenda officiis molestiae.','1983-10-19 18:33:33'),(69,69,69,'Distinctio et quos magni voluptatem enim aut reiciendis. Aut labore similique soluta incidunt sit et dolorem. At tempore consectetur exercitationem maxime modi explicabo est. Alias officiis dicta expedita expedita nam eius.','1993-08-18 20:45:44'),(70,70,70,'Nihil sunt architecto nulla omnis voluptas et. Fugit molestiae reprehenderit magnam dicta at qui. Nostrum deleniti consequatur ex veritatis qui.','1998-08-31 10:38:16'),(71,71,71,'Occaecati pariatur voluptate voluptate placeat. Et et aut omnis nihil dolorem.','2010-03-21 19:50:55'),(72,72,72,'Non et aut repellendus. Eius sint autem quae ab. Consequatur aut nesciunt et et et numquam officiis. Omnis sint veritatis a saepe nihil aspernatur.','1997-12-20 17:23:10'),(73,73,73,'Et at minus sint. Ut minus consequatur vitae unde unde et et eos. Minima atque expedita suscipit sit. Tenetur debitis assumenda possimus et.','2003-03-21 08:34:21'),(74,74,74,'Necessitatibus sunt totam sit ab inventore minima enim. Autem consequatur atque repellendus ut illum ea nesciunt. Voluptatum ratione molestias vel doloribus labore ea. Repellat commodi facere et sit. Optio rem sunt fuga rerum veniam nemo deserunt.','1981-05-28 21:25:20'),(75,75,75,'Sapiente vitae sed ut sapiente ut accusantium accusamus. At non sapiente eaque aut sit nostrum. Doloremque dolorum beatae a aut dolores reiciendis. Eveniet sed sed ipsam nam esse alias quos. Nobis et aut nam atque sit mollitia suscipit.','1995-02-23 02:23:49'),(76,76,76,'Voluptas enim deserunt sunt qui. Repellendus aspernatur distinctio nesciunt consequatur architecto. Aut voluptas enim dolorem similique. Cumque et et molestiae dignissimos earum.','1975-05-07 09:36:36'),(77,77,77,'Nihil quia nostrum cum laudantium rerum aperiam consequatur. Rerum voluptatem est necessitatibus omnis saepe explicabo. Voluptas veniam labore in molestias quibusdam magni eligendi id. Sequi et sed neque nihil tenetur ipsa est.','1973-05-17 13:30:26'),(78,78,78,'Tempore et qui sint omnis dolorem. Illum nisi harum explicabo rerum. Aliquam qui et aspernatur voluptatem quis non.','1976-10-26 11:37:28'),(79,79,79,'Dolor iusto dolores libero et occaecati odit. Provident voluptatibus inventore id. Consectetur perferendis sint vitae nam.','1978-03-30 00:56:02'),(80,80,80,'Maxime repellendus dolorum et tenetur illum quidem quia. Quaerat velit impedit iure cupiditate qui et. Sit unde earum maxime natus. Est minus mollitia harum voluptas dolor.','1973-06-23 00:10:42'),(81,81,81,'Quod neque molestiae sit. Neque architecto alias et quae. Quos animi dicta amet molestias natus.','1973-03-08 16:51:59'),(82,82,82,'Recusandae suscipit nobis expedita sunt perspiciatis. Magni non non magnam et corrupti labore.','1996-02-18 19:06:51'),(83,83,83,'Voluptatibus accusamus adipisci vel neque totam. Dolorum quia aut quia nesciunt aut enim tenetur occaecati.','2008-10-03 00:20:39'),(84,84,84,'Rem sed sint laboriosam est. Aperiam et cupiditate cupiditate quia quae magnam qui voluptas. Perferendis excepturi provident vel fugiat dolores enim excepturi. Occaecati omnis assumenda officiis accusamus.','2021-06-06 18:23:41'),(85,85,85,'Minima omnis voluptatem eum quasi sint explicabo animi. Aut quia consequatur debitis. Dignissimos quia veniam velit corporis dignissimos dignissimos est.','2006-12-22 12:50:03'),(86,86,86,'Quas quo ipsam vel voluptatem earum quisquam est. Voluptas quia qui ex quia ipsam facere. Earum velit qui amet qui rerum eum fugit tempora. Reiciendis sit nesciunt ea unde temporibus.','2006-07-14 09:41:32'),(87,87,87,'Saepe est voluptates occaecati id rerum occaecati nulla et. Ab vel voluptas earum quidem sint vel non nobis. Laboriosam eum saepe facilis impedit qui ducimus. Recusandae assumenda molestias dolorem qui.','1981-07-13 14:42:46'),(88,88,88,'Magni sunt asperiores voluptatem deleniti repellendus velit sunt. Eaque quae quasi modi. Error ut eum tempora quasi. Ut nulla et sunt qui quod alias eum.','1975-05-11 22:19:06'),(89,89,89,'Reprehenderit qui ab voluptatem error qui. Voluptatem ipsum voluptas molestiae reprehenderit voluptates pariatur. Voluptatem ipsam occaecati explicabo molestiae omnis.','2017-10-22 02:17:44'),(90,90,90,'Assumenda et omnis voluptatem sint tenetur non qui. Veritatis unde praesentium animi optio quia. Eum veniam consequatur officia dolores et qui magnam cupiditate.','1981-04-09 01:34:32'),(91,91,91,'Rerum et quis amet ut ut vero alias necessitatibus. Exercitationem qui cum soluta magnam qui. Dicta omnis sunt amet voluptate unde doloribus. Cupiditate minima aspernatur fugiat.','2017-05-17 17:47:44'),(92,92,92,'Rerum sit amet consectetur mollitia ab sint molestiae. Libero iste molestiae facere ut. Ab in dolores incidunt voluptatem sit neque animi.','2011-01-19 22:28:43'),(93,93,93,'Accusantium alias aliquid nemo eaque incidunt aliquam error. Sint nam quis nobis quisquam natus omnis. Illum tempore a quisquam repudiandae. Iste et aut ea voluptatem voluptates. Neque saepe accusamus enim iure.','1975-06-29 18:20:57'),(94,94,94,'Ipsam adipisci aut ea consequuntur omnis. Nihil dicta quos laborum. Ad consectetur nemo quibusdam natus exercitationem consequatur. Quae dolores eaque et provident vel unde culpa praesentium.','1989-09-18 17:01:59'),(95,95,95,'Dolores dolore ut odit nulla qui ut quas. Cupiditate qui quae reiciendis dolorem. Omnis officiis ut rerum est reiciendis deleniti. Modi error ad libero eligendi.','1999-01-31 16:48:49'),(96,96,96,'Qui placeat asperiores ea est in. Velit id magnam atque asperiores iste sunt est. Voluptates qui consequatur iusto dicta ut voluptas porro consequatur. Doloribus voluptatem ex omnis nihil magni quibusdam sed.','1997-02-24 16:17:12'),(97,97,97,'Qui vero aut ut consequatur. Consectetur repudiandae asperiores aut vero. Quod deleniti eaque dignissimos qui ut consectetur.','1999-12-24 04:26:02'),(98,98,98,'Quae quis dicta repellendus in quasi. Aliquam nobis illum consequatur est sunt reiciendis. Qui beatae placeat dolorem consectetur iusto molestiae ea. Doloribus ad ullam voluptatem est temporibus sunt qui.','1987-03-05 02:03:39'),(99,99,99,'Accusantium dicta vel enim recusandae doloribus accusantium. Natus totam quidem rerum dolorem.','1985-06-01 12:39:47'),(100,100,100,'Expedita sunt sint et dolores est ut. Non quam sunt et esse error molestias. Voluptatem possimus est at dolor quidem. Quisquam amet velit laboriosam delectus.','1986-09-09 06:59:23');
/*!40000 ALTER TABLE `messages` ENABLE KEYS */;
UNLOCK TABLES;

--
-- Table structure for table `photo_albums`
--

DROP TABLE IF EXISTS `photo_albums`;
/*!40101 SET @saved_cs_client     = @@character_set_client */;
/*!40101 SET character_set_client = utf8 */;
CREATE TABLE `photo_albums` (
  `id` bigint(20) unsigned NOT NULL AUTO_INCREMENT,
  `name` varchar(255) COLLATE utf8mb4_unicode_ci DEFAULT NULL,
  `user_id` bigint(20) unsigned DEFAULT NULL,
  PRIMARY KEY (`id`),
  UNIQUE KEY `id` (`id`),
  KEY `user_id` (`user_id`),
  CONSTRAINT `photo_albums_ibfk_1` FOREIGN KEY (`user_id`) REFERENCES `users` (`id`)
) ENGINE=InnoDB AUTO_INCREMENT=101 DEFAULT CHARSET=utf8mb4 COLLATE=utf8mb4_unicode_ci;
/*!40101 SET character_set_client = @saved_cs_client */;

--
-- Dumping data for table `photo_albums`
--

LOCK TABLES `photo_albums` WRITE;
/*!40000 ALTER TABLE `photo_albums` DISABLE KEYS */;
INSERT INTO `photo_albums` VALUES (1,'consequatur',1),(2,'aperiam',2),(3,'molestiae',3),(4,'labore',4),(5,'recusandae',5),(6,'dolorum',6),(7,'perspiciatis',7),(8,'molestiae',8),(9,'inventore',9),(10,'impedit',10),(11,'nobis',11),(12,'natus',12),(13,'porro',13),(14,'architecto',14),(15,'laborum',15),(16,'quia',16),(17,'quo',17),(18,'tempora',18),(19,'dolor',19),(20,'unde',20),(21,'qui',21),(22,'ut',22),(23,'pariatur',23),(24,'ipsa',24),(25,'placeat',25),(26,'architecto',26),(27,'voluptatem',27),(28,'amet',28),(29,'autem',29),(30,'unde',30),(31,'voluptatem',31),(32,'et',32),(33,'quia',33),(34,'totam',34),(35,'aliquam',35),(36,'molestiae',36),(37,'aut',37),(38,'rerum',38),(39,'veniam',39),(40,'aliquam',40),(41,'voluptas',41),(42,'occaecati',42),(43,'ut',43),(44,'velit',44),(45,'adipisci',45),(46,'autem',46),(47,'amet',47),(48,'pariatur',48),(49,'odio',49),(50,'ea',50),(51,'fuga',51),(52,'non',52),(53,'omnis',53),(54,'voluptatum',54),(55,'dolor',55),(56,'eos',56),(57,'quam',57),(58,'blanditiis',58),(59,'rerum',59),(60,'et',60),(61,'sit',61),(62,'animi',62),(63,'non',63),(64,'veritatis',64),(65,'nihil',65),(66,'unde',66),(67,'id',67),(68,'voluptas',68),(69,'eum',69),(70,'iste',70),(71,'laboriosam',71),(72,'est',72),(73,'tempora',73),(74,'cupiditate',74),(75,'veritatis',75),(76,'libero',76),(77,'rerum',77),(78,'rerum',78),(79,'dolor',79),(80,'perferendis',80),(81,'qui',81),(82,'placeat',82),(83,'consequatur',83),(84,'voluptatum',84),(85,'id',85),(86,'assumenda',86),(87,'eum',87),(88,'aut',88),(89,'qui',89),(90,'ullam',90),(91,'accusantium',91),(92,'enim',92),(93,'enim',93),(94,'qui',94),(95,'ea',95),(96,'delectus',96),(97,'deserunt',97),(98,'odit',98),(99,'sint',99),(100,'commodi',100);
/*!40000 ALTER TABLE `photo_albums` ENABLE KEYS */;
UNLOCK TABLES;

--
-- Table structure for table `photos`
--

DROP TABLE IF EXISTS `photos`;
/*!40101 SET @saved_cs_client     = @@character_set_client */;
/*!40101 SET character_set_client = utf8 */;
CREATE TABLE `photos` (
  `id` bigint(20) unsigned NOT NULL AUTO_INCREMENT,
  `album_id` bigint(20) unsigned DEFAULT NULL,
  `media_id` bigint(20) unsigned NOT NULL,
  UNIQUE KEY `id` (`id`),
  KEY `album_id` (`album_id`),
  KEY `media_id` (`media_id`),
  CONSTRAINT `photos_ibfk_1` FOREIGN KEY (`album_id`) REFERENCES `photo_albums` (`id`),
  CONSTRAINT `photos_ibfk_2` FOREIGN KEY (`media_id`) REFERENCES `media` (`id`)
) ENGINE=InnoDB AUTO_INCREMENT=101 DEFAULT CHARSET=utf8mb4 COLLATE=utf8mb4_unicode_ci;
/*!40101 SET character_set_client = @saved_cs_client */;

--
-- Dumping data for table `photos`
--

LOCK TABLES `photos` WRITE;
/*!40000 ALTER TABLE `photos` DISABLE KEYS */;
INSERT INTO `photos` VALUES (1,1,1),(2,2,2),(3,3,3),(4,4,4),(5,5,5),(6,6,6),(7,7,7),(8,8,8),(9,9,9),(10,10,10),(11,11,11),(12,12,12),(13,13,13),(14,14,14),(15,15,15),(16,16,16),(17,17,17),(18,18,18),(19,19,19),(20,20,20),(21,21,21),(22,22,22),(23,23,23),(24,24,24),(25,25,25),(26,26,26),(27,27,27),(28,28,28),(29,29,29),(30,30,30),(31,31,31),(32,32,32),(33,33,33),(34,34,34),(35,35,35),(36,36,36),(37,37,37),(38,38,38),(39,39,39),(40,40,40),(41,41,41),(42,42,42),(43,43,43),(44,44,44),(45,45,45),(46,46,46),(47,47,47),(48,48,48),(49,49,49),(50,50,50),(51,51,51),(52,52,52),(53,53,53),(54,54,54),(55,55,55),(56,56,56),(57,57,57),(58,58,58),(59,59,59),(60,60,60),(61,61,61),(62,62,62),(63,63,63),(64,64,64),(65,65,65),(66,66,66),(67,67,67),(68,68,68),(69,69,69),(70,70,70),(71,71,71),(72,72,72),(73,73,73),(74,74,74),(75,75,75),(76,76,76),(77,77,77),(78,78,78),(79,79,79),(80,80,80),(81,81,81),(82,82,82),(83,83,83),(84,84,84),(85,85,85),(86,86,86),(87,87,87),(88,88,88),(89,89,89),(90,90,90),(91,91,91),(92,92,92),(93,93,93),(94,94,94),(95,95,95),(96,96,96),(97,97,97),(98,98,98),(99,99,99),(100,100,100);
/*!40000 ALTER TABLE `photos` ENABLE KEYS */;
UNLOCK TABLES;

--
-- Table structure for table `profiles`
--

DROP TABLE IF EXISTS `profiles`;
/*!40101 SET @saved_cs_client     = @@character_set_client */;
/*!40101 SET character_set_client = utf8 */;
CREATE TABLE `profiles` (
  `user_id` bigint(20) unsigned NOT NULL,
  `gender` char(1) COLLATE utf8mb4_unicode_ci DEFAULT NULL,
  `birthday` date DEFAULT NULL,
  `photo_id` bigint(20) unsigned DEFAULT NULL,
  `created_at` datetime DEFAULT current_timestamp(),
  `hometown` varchar(100) COLLATE utf8mb4_unicode_ci DEFAULT NULL,
  UNIQUE KEY `user_id` (`user_id`),
  CONSTRAINT `fk_user_id` FOREIGN KEY (`user_id`) REFERENCES `users` (`id`) ON DELETE NO ACTION ON UPDATE CASCADE
) ENGINE=InnoDB DEFAULT CHARSET=utf8mb4 COLLATE=utf8mb4_unicode_ci;
/*!40101 SET character_set_client = @saved_cs_client */;

--
-- Dumping data for table `profiles`
--

LOCK TABLES `profiles` WRITE;
/*!40000 ALTER TABLE `profiles` DISABLE KEYS */;
INSERT INTO `profiles` VALUES (1,'3','1999-02-16',1,'1971-03-22 06:11:54','1'),(2,'7','1976-04-16',2,'2013-04-13 08:03:57','6'),(3,'2','1973-08-31',3,'2000-12-19 01:14:27','4'),(4,'8','1980-12-10',4,'1997-03-15 05:22:59','5'),(5,'6','2018-09-07',5,'2018-03-19 08:56:42','9'),(6,'9','2015-01-14',6,'2005-05-04 01:52:30','7'),(7,'3','2005-06-26',7,'1981-08-27 01:45:43','9'),(8,'8','1983-12-17',8,'1973-11-25 14:30:33','2'),(9,'8','2018-12-26',9,'1986-11-27 04:57:27','7'),(10,'3','1989-01-22',10,'1992-03-21 09:37:18','3'),(11,'7','1997-08-07',11,'1986-11-15 15:25:59','8'),(12,'4','1978-07-04',12,'1977-03-28 11:05:46','5'),(13,'3','1998-05-07',13,'2006-08-22 04:35:16','6'),(14,'7','1975-06-02',14,'1973-04-27 21:04:56','4'),(15,'4','1993-08-20',15,'1980-08-06 23:29:57','1'),(16,'4','1971-09-27',16,'1973-12-27 01:21:01','2'),(17,'9','2012-08-17',17,'1976-07-18 17:03:54','1'),(18,'6','1995-02-07',18,'1994-09-04 05:36:54','4'),(19,'4','2005-09-19',19,'1997-11-30 17:10:46','6'),(20,'2','1996-05-31',20,'2011-09-25 08:13:25','8'),(21,'9','2013-10-24',21,'1992-07-23 11:49:46','2'),(22,'2','2003-10-10',22,'2015-11-03 05:29:48','6'),(23,'9','1980-09-14',23,'1988-01-02 12:44:47','9'),(24,'2','2014-05-14',24,'1996-12-22 09:05:32','5'),(25,'1','1972-12-25',25,'2021-01-13 01:53:01','1'),(26,'7','2004-01-19',26,'1993-01-13 02:27:43','7'),(27,'6','1977-02-28',27,'2020-04-22 02:30:31','1'),(28,'6','1985-06-03',28,'1988-07-14 04:04:32','6'),(29,'3','2013-01-19',29,'1979-12-06 21:49:53','5'),(30,'1','1984-08-28',30,'2017-08-03 04:11:38','8'),(31,'3','2012-09-28',31,'2000-11-29 05:50:30','2'),(32,'5','1986-07-04',32,'1978-06-19 04:04:15','9'),(33,'3','2018-01-07',33,'1985-12-30 09:26:40','6'),(34,'3','2011-12-22',34,'1983-06-18 13:23:40','8'),(35,'2','1986-11-30',35,'1975-06-21 22:59:28','6'),(36,'7','2015-07-31',36,'1971-12-20 18:34:04','9'),(37,'7','2003-12-08',37,'2017-04-14 12:43:09','4'),(38,'2','1987-07-15',38,'1975-11-10 01:00:38','7'),(39,'8','1972-12-01',39,'1999-10-30 08:08:59','9'),(40,'7','2018-09-05',40,'2008-01-20 14:57:04','6'),(41,'4','1988-04-05',41,'2003-02-02 08:32:32','2'),(42,'8','2019-04-06',42,'2009-11-18 09:29:12','9'),(43,'4','2003-05-24',43,'1997-06-07 16:08:53','5'),(44,'5','1976-07-28',44,'1974-02-20 04:02:34','8'),(45,'5','1998-12-10',45,'1970-09-19 02:34:09','1'),(46,'4','2012-01-17',46,'2005-10-15 13:24:13','5'),(47,'5','1976-06-12',47,'2017-02-19 15:00:20','6'),(48,'2','2015-03-12',48,'1970-09-08 04:24:21','2'),(49,'9','1983-04-21',49,'2021-03-06 08:30:49','7'),(50,'5','1993-05-02',50,'1977-11-03 07:11:20','2'),(51,'2','2002-12-06',51,'1976-09-09 05:17:41','4'),(52,'7','1977-11-22',52,'2010-01-19 10:06:13','8'),(53,'6','2005-12-03',53,'2021-02-15 11:59:08','3'),(54,'1','1993-04-22',54,'1980-02-28 07:41:30','1'),(55,'4','1984-07-11',55,'2013-03-19 11:49:06','8'),(56,'2','1991-07-01',56,'1998-09-08 22:34:10','5'),(57,'2','2006-04-12',57,'1971-05-28 07:38:04','6'),(58,'3','2002-08-18',58,'2013-02-27 12:49:15','9'),(59,'2','1988-03-01',59,'1994-06-19 00:52:38','1'),(60,'2','2022-01-14',60,'2019-02-03 21:37:53','7'),(61,'5','2005-06-25',61,'2003-03-12 13:22:30','9'),(62,'2','2001-10-03',62,'1983-04-06 14:51:06','4'),(63,'5','1986-01-13',63,'2008-05-21 07:40:43','7'),(64,'5','2002-07-22',64,'1986-11-15 12:50:45','3'),(65,'6','1978-09-05',65,'1973-08-21 16:45:05','7'),(66,'3','1973-01-26',66,'1980-11-22 04:02:56','3'),(67,'9','1989-03-02',67,'2016-07-09 23:33:01','7'),(68,'3','2003-01-27',68,'2001-02-08 09:15:58','2'),(69,'5','1980-11-16',69,'1977-05-08 18:51:43','5'),(70,'3','1977-08-28',70,'1981-06-19 03:30:18','9'),(71,'4','1979-02-06',71,'1996-04-15 01:58:23','2'),(72,'6','1996-03-30',72,'2019-11-17 02:47:08','1'),(73,'3','2013-08-18',73,'2018-03-17 00:08:39','6'),(74,'1','1987-04-02',74,'1999-12-24 04:36:48','7'),(75,'7','2011-11-08',75,'1999-06-19 23:45:15','9'),(76,'5','2016-07-15',76,'2001-08-10 00:28:51','6'),(77,'7','2013-01-09',77,'1973-07-28 12:27:56','3'),(78,'5','1984-10-02',78,'1977-01-18 21:59:11','1'),(79,'7','1999-05-28',79,'1988-11-20 16:23:53','7'),(80,'9','1986-03-16',80,'2017-09-05 16:54:05','5'),(81,'9','2004-10-13',81,'1977-04-24 19:19:05','2'),(82,'6','2020-02-04',82,'2016-05-28 13:57:35','3'),(83,'2','2013-01-26',83,'2004-10-17 19:18:14','7'),(84,'4','2006-01-17',84,'1998-12-26 08:27:52','9'),(85,'1','2004-12-27',85,'2016-02-02 02:28:42','3'),(86,'8','1970-01-06',86,'2009-12-14 12:22:01','5'),(87,'5','2013-11-21',87,'1997-07-15 22:25:40','9'),(88,'5','2009-02-08',88,'2020-03-25 23:04:35','9'),(89,'8','1994-02-17',89,'2016-01-04 20:07:54','8'),(90,'8','1984-09-28',90,'1974-04-25 18:29:56','5'),(91,'3','1995-01-05',91,'1977-03-30 03:23:01','5'),(92,'2','1978-09-24',92,'1989-01-23 06:33:45','1'),(93,'5','1973-05-16',93,'2013-10-31 01:43:40','1'),(94,'4','1973-05-14',94,'1990-05-31 05:01:48','7'),(95,'8','1982-03-27',95,'2021-06-21 06:11:24','2'),(96,'3','1990-12-28',96,'1983-07-08 21:58:50','9'),(97,'1','2002-05-23',97,'2004-02-04 17:07:05','3'),(98,'4','2017-09-19',98,'2009-03-24 22:53:13','2'),(99,'7','2007-06-28',99,'2014-11-18 12:46:54','5'),(100,'5','1979-10-17',100,'2019-08-31 23:58:40','1');
/*!40000 ALTER TABLE `profiles` ENABLE KEYS */;
UNLOCK TABLES;

--
-- Table structure for table `users`
--

DROP TABLE IF EXISTS `users`;
/*!40101 SET @saved_cs_client     = @@character_set_client */;
/*!40101 SET character_set_client = utf8 */;
CREATE TABLE `users` (
  `id` bigint(20) unsigned NOT NULL AUTO_INCREMENT,
  `firstname` varchar(50) COLLATE utf8mb4_unicode_ci DEFAULT NULL,
  `lastname` varchar(50) COLLATE utf8mb4_unicode_ci DEFAULT NULL COMMENT '',
  `email` varchar(120) COLLATE utf8mb4_unicode_ci DEFAULT NULL,
  `password_hash` varchar(100) COLLATE utf8mb4_unicode_ci DEFAULT NULL,
  `phone` bigint(20) unsigned DEFAULT NULL,
  PRIMARY KEY (`id`),
  UNIQUE KEY `email` (`email`),
  UNIQUE KEY `phone` (`phone`),
  KEY `users_firstname_lastname_idx` (`firstname`,`lastname`)
) ENGINE=InnoDB AUTO_INCREMENT=101 DEFAULT CHARSET=utf8mb4 COLLATE=utf8mb4_unicode_ci COMMENT='';
/*!40101 SET character_set_client = @saved_cs_client */;

--
-- Dumping data for table `users`
--

LOCK TABLES `users` WRITE;
/*!40000 ALTER TABLE `users` DISABLE KEYS */;
INSERT INTO `users` VALUES (1,'Adelle','Predovic','zkonopelski@example.com','8683aff8cdf8f21dfa5587bb04de8ed2b614501a',89777232220),(2,'Leonel','Konopelski','kennedy.lesch@example.com','27df2f6c110013a1b04c1cd53a433054bc0a6559',89157100733),(3,'Ellsworth','Bogisich','hbalistreri@example.org','70c9c1de6535b266a7ed6c61628a13cc7e5ab769',89339986961),(4,'Estevan','Tremblay','zweimann@example.org','8a66e4af647c99e08e04b18f69e15b95d470eec6',89792836425),(5,'Efrain','Koelpin','jmills@example.net','e84a5b63ac31cac3e14a20819595a54a475f6ecc',89564651332),(6,'Gerald','Bartoletti','christiansen.elvie@example.com','3f146757751e3519481ba171349a9fd2947eb7f8',89107515647),(7,'Helena','Gerlach','diamond.wuckert@example.com','1fe5a67be1f230db49b26de68ac0a83e8d901c3c',89974963339),(8,'Laila','Windler','delores33@example.org','630fbee341e926b889ef06b4610eb964444e2a2b',89778130064),(9,'Liana','Stiedemann','franecki.madisyn@example.net','91bf51af9b81bb5f2ffbdbe059f1792a0eef4c28',89796527939),(10,'Laury','Murazik','hoppe.cristopher@example.net','6f1c08f622e8d31f268452d2c1bda851063a0a2a',89494697163),(11,'Gino','Oberbrunner','xo\'reilly@example.com','ae1b294c5b370da2725c54db809b84417bad5666',89642301946),(12,'Rosemarie','Hilll','bette75@example.net','f6d8f31bec4d0542255aab9c6437c8f6df54ae0e',89202462404),(13,'Anissa','Friesen','weimann.tracy@example.net','5f127efa5ce3268a0c615d0f1c670ef99946ec86',89548001238),(14,'Kevin','Beier','vgreenfelder@example.net','65fbd2fa465312e3a4e5bb69de721d271143a1ba',89070633383),(15,'Favian','Heathcote','rudolph.koelpin@example.net','8a6cad69321a2e42e8948e9a5d3b77e2897f2ef8',89340543692),(16,'Kirk','Boehm','herman.alison@example.com','8cc4b488f02ddd54bc1ec31c715b34121acaefe2',89951512331),(17,'Lesley','King','junius01@example.com','f04e320a2110ff5a33cbc30cc27da8756ea61bef',89628294216),(18,'Brooklyn','Deckow','tschroeder@example.com','4762a6dcdd7a0e7d496a5767be3c41fc7c5feb56',89255914265),(19,'Jettie','Feest','adrienne83@example.net','b9c39660d56ceb1426ff5cc3c663edcd22003d3d',89116822291),(20,'Cielo','Macejkovic','baby66@example.com','8df8defcd4e816bcc627717be6533cc6a947c93c',89888467809),(21,'Juliet','Schmitt','zieme.winfield@example.net','41da8958bd63fd9cc96470bf72bf07d16a9b8dc3',89422265219),(22,'Leif','Lowe','wiza.lue@example.net','7fdf8e331866ce8361c434b1b0d6f8e7d3bd7d13',89166538667),(23,'Julien','Cole','leola.lemke@example.net','138f772f5225193148ed0d7849a1f5ff388b787b',89202628361),(24,'Francis','Breitenberg','dare.selmer@example.com','9f098353e3e6f09114f0f1a47bbf58a77fd8ce32',89053545044),(25,'Joanne','Mosciski','jayce55@example.net','4e697bf58240075a57ccbdf12c3080a70a37b76c',89847501297),(26,'Lenna','Turcotte','jedidiah95@example.com','38f59a7e248aea101757fe2bbe544a090ba03962',89485559863),(27,'Wilfredo','Abernathy','noel.weissnat@example.net','66c9661e564286a93bf2c8a449360d115c1e30de',89956794464),(28,'Porter','Denesik','mueller.morgan@example.org','35e8e3cc242df3408a75315f1c4d1661ac08dcb0',89756478373),(29,'August','Nader','aurelia.kozey@example.com','59141c0df7078fd0e07b9a845db41a50290efd17',89006222866),(30,'Vernice','White','lsmith@example.net','e4cac2e5f66c36eb86264f152948ace3cdb76a32',89015005405),(31,'Sydney','Lind','ally35@example.org','2f776cc02f6c74d5605a28e7368ac5fb28593884',89906410533),(32,'Osborne','Wisoky','haleigh.koss@example.org','c490a5c61f68fa3ee66781a126a6f19e6383e36d',89661757055),(33,'Emelie','Breitenberg','dgoldner@example.org','dc0e8d3748a290930133e2a9fe31917c273be9e6',89500785650),(34,'Priscilla','Schroeder','nikko.mueller@example.com','72907d620fa746cd4bbf808066fabbd5d4d6e315',89103391605),(35,'Alek','Kshlerin','ferry.jadyn@example.net','96330d6e8880c613bb5a59562d30fdc7f9d3f43f',89912401524),(36,'Jakayla','Pagac','hester.grimes@example.net','43292f4971352b49bd4121ac588e0245a74be8f9',89121365825),(37,'Thelma','Hahn','jenkins.genoveva@example.net','fd9e54519b9caaf73378035831766a8e4847df9f',89425405274),(38,'Zachariah','Corwin','collier.isac@example.org','d5ec407285fd21f4300e0320aebeedf73148bf7d',89813999602),(39,'Delta','Rempel','nwunsch@example.com','77f4b80a92c9aedca67552e14df531400bc39fcd',89654191407),(40,'Earlene','Wilkinson','merle.lemke@example.org','d6ed26080bb4e8dd0ba4326ae4f009aed17f9eb2',89045957751),(41,'Dock','Kessler','ostracke@example.net','d397bf77642d2f5a4fafdc2f5652a0c89a0454e5',89808135447),(42,'Jenifer','Weimann','blockman@example.net','fec5f33480d1f06d7f086796cb3e6bac43353a55',89221437399),(43,'Freddy','Wehner','tre86@example.org','f4e3e4664c5b470d52d2c691cebfd4a7776f2e83',89316498064),(44,'Demario','Hermiston','mrath@example.org','1e02c9ec88d18a41cf26888b4bd10e5f10181892',89814288432),(45,'Laurence','Ward','xdibbert@example.net','44eea7e389f445e3cdcef47b49bab9bbdcb2f5cb',89872707106),(46,'Junior','Balistreri','batz.tommie@example.net','1c05ea03cb23aaa8a07baecddbec38d4311f32c1',89199308017),(47,'Corrine','Doyle','cruecker@example.net','0ee45f92126642a45365a13337ba59448e6fa5ba',89859324375),(48,'Edmund','Gleichner','fausto53@example.net','8d8403739aa53477cdda9d002c9fdc3136e5b6c5',89367775504),(49,'Alyce','Franecki','else.roob@example.net','8eac1bf77d2f6adb34a680aab606d3db3652a3ea',89609305425),(50,'Deja','Kilback','kuhic.maude@example.org','dac1f9c96a0c82d9b9d32394bb9ea7f2c8893395',89703807773),(51,'Josiane','Senger','tanya.gleason@example.org','ebe9b69628cce6c83be42e8ab781f65d19c8accd',89945870476),(52,'Felipe','Hamill','verner45@example.net','c4d72870f06e7757d193c5f02f891905cf123106',89823684507),(53,'Catharine','Romaguera','mharris@example.net','2d5a1b9ad8447f4686fc1c519725f32e5e159ffc',89243565727),(54,'Fabian','Jacobs','olegros@example.org','74892ce1ad511e6e627ceb6d2618c5ecd48e4e0b',89544837496),(55,'Libbie','Kozey','olson.reynold@example.org','fc9bcc5af1bee25b91f62975ff5561cec4045e1b',89000690387),(56,'Bryon','Stehr','hayley.cruickshank@example.com','12c84bb464f93a8d16c8e315a937dcb34bd4fdf6',89512892746),(57,'Sabina','Hammes','davion.graham@example.org','1e5fff818f1f9c9b9545659c7a89fa5ee442fa6d',89177942869),(58,'Francesca','O\'Hara','rwisozk@example.org','f1f47afceeca8dc4b81ada8150ac649b35bff6da',89880191934),(59,'Kristin','Morissette','elyse.spinka@example.org','d32ee4b3e3af1c9f926be8512fde815ec61bb2bf',89589661650),(60,'Alvina','Hickle','kilback.matteo@example.com','dd87d503b5513bdb7a6ca9e9ce7bf716e9d623e4',89792153144),(61,'Retta','Jones','ureinger@example.org','e1ab61f6a5302b12ae7b554f7a132351dc1fc2db',89554506790),(62,'Magali','Dibbert','corbin25@example.com','f184ac659eecf16b12e4809c2e64324b393fee8b',89415448880),(63,'Emanuel','Harris','satterfield.jess@example.com','dd809a6694eae4bd6360c739d005f4c5bc834cad',89305787909),(64,'Luna','Legros','aubrey55@example.net','50020cb1fdc7b6c7430282ce84b2fc0560713318',89422672197),(65,'Cole','Dickens','amina86@example.net','55f53211de9ca34b6a146a48d726d7d1d36c7a6b',89747470990),(66,'Karson','Veum','bbogan@example.org','d4b45057e82d26eb6bb6f484cc9f40c9f3938aee',89223228471),(67,'Shaun','Krajcik','winston48@example.com','adbedf097142c29d462725bee828088a00ddb9bf',89731126399),(68,'Nat','Luettgen','kertzmann.brennan@example.net','da6050a93d089649540e01e245606ff177049e0c',89860069213),(69,'Elmira','Herzog','justyn96@example.net','7c80e4e462a02f77ebaf0fa2faac0465d557bb79',89972193286),(70,'Tyree','Hickle','ayla.hartmann@example.com','9d545afff4f42ea34bf92f9fc73dbc7147006fe2',89309753564),(71,'Jordan','Pfeffer','o\'conner.jannie@example.com','0550130de9e00920861b551179d9c99f294feea6',89361777290),(72,'Maynard','Ankunding','tskiles@example.org','2a7911f66c84c0a3d408fadee9b0d084e667af14',89712720275),(73,'Ladarius','Rice','marie.larson@example.net','881f5ff24e49fa2d612b175923be5a5c3f5984a9',89080764156),(74,'Cleo','Armstrong','angelica16@example.org','dcb605df06d3a4161f23f27fec8033cd6a48af14',89369015006),(75,'Andre','Schowalter','van.oberbrunner@example.org','30803875f342b77e9cb7bc2c2029602eba49c8b5',89929547564),(76,'Nils','Schmeler','leta.kuhn@example.net','43ee6f8aa4d9cb0d6fc6c9dfaa12bf29d586143c',89769528910),(77,'Cedrick','Toy','creola79@example.net','d5804c661ce9f62536ff86446ab661e9692b4bff',89517752492),(78,'Vidal','Marvin','ecasper@example.com','fa69d9fced294c073b574f558ded05af05d55e96',89134244215),(79,'Jerome','Lesch','nhomenick@example.com','b0bc02886fe3ba1b6d1e9f7c05af6d773abecb86',89502378008),(80,'Adah','Monahan','federico.thompson@example.net','664899c5ecb3bb99faec38c3909002b92cdc22cb',89869594294),(81,'Anthony','Lang','sporer.edwina@example.net','ac43be7ad86c55abbbf849a8231c703b59e57e10',89185709838),(82,'Nina','Quitzon','joelle.anderson@example.com','f3023a696eeb2ac8320e9bb65b06455ed2f79c61',89652480865),(83,'Leda','Hessel','hamill.meaghan@example.com','fef35f7b3a936cd1441ee4442545bb192713af4e',89955471974),(84,'Durward','Gaylord','ylockman@example.net','9db642a1f6ae0a431b715567ac4119c6111e6100',89316640022),(85,'Ashley','Kris','jamison17@example.net','a9b779c5b6367bb2b444c062aa873c9775ea8d50',89597504120),(86,'Roselyn','Franecki','mjohnston@example.org','cf49934a5ab7ab798b25b83d2fb30d9e2b23cc0f',89121448479),(87,'Myrtie','Towne','kennith62@example.com','255ded4b43fb5c3b02215b5863123a7e8626d0e7',89095293594),(88,'Marcia','Hodkiewicz','jratke@example.org','470b0fa1de03dce37ccdff23164d793b3a5e7916',89877154238),(89,'Edgardo','Schiller','yhansen@example.org','c7247406c9b2a54588a8137f7bd5260ebb06749c',89810719440),(90,'Cecile','Kris','qbotsford@example.net','95a68bb791821bd6489a29dfb260a4cd23deb452',89985280666),(91,'Donald','Champlin','madyson.wiegand@example.org','4b6d12a5f7d8f9bb66705e7823517def9f49be7e',89972570895),(92,'Anika','Williamson','ubednar@example.com','c48dc66b648de0614f74f676d6d4dfd17d314f13',89331937435),(93,'Else','Anderson','paige.fay@example.com','132dc1aced14ea0ccb47efd09ca39760a70705e3',89440825221),(94,'Rahul','Johnson','zoey90@example.org','1bc7077328c037caa3dcebfc1cf7e678c9a60dfe',89126953047),(95,'Golda','Flatley','deffertz@example.org','be3250b98437443aa334121bfde2d81aa87ec04d',89533064891),(96,'Clementine','Gulgowski','johns.johnnie@example.org','9294d6c802f518814237d8402791403fed4fd334',89253046828),(97,'Summer','Kiehn','crist.ottilie@example.com','754edd7cdb2dc4358d91ac57109708bc4d741fb7',89137275984),(98,'Kattie','Schmidt','rkassulke@example.com','f086fd4b67b534ed7f7f610833ea54ca9ee3e14c',89075997471),(99,'Ahmed','Hammes','luettgen.lysanne@example.org','4d5ee6b2c434c7392bf749c2d570333306933490',89704114295),(100,'Willis','Cormier','retta.sauer@example.com','d2c50359ddcf461766d0a8c90fbe65e3b86b7242',89817192016);
/*!40000 ALTER TABLE `users` ENABLE KEYS */;
UNLOCK TABLES;

--
-- Table structure for table `users_communities`
--

DROP TABLE IF EXISTS `users_communities`;
/*!40101 SET @saved_cs_client     = @@character_set_client */;
/*!40101 SET character_set_client = utf8 */;
CREATE TABLE `users_communities` (
  `user_id` bigint(20) unsigned NOT NULL,
  `community_id` bigint(20) unsigned NOT NULL,
  PRIMARY KEY (`user_id`,`community_id`),
  KEY `community_id` (`community_id`),
  CONSTRAINT `users_communities_ibfk_1` FOREIGN KEY (`user_id`) REFERENCES `users` (`id`),
  CONSTRAINT `users_communities_ibfk_2` FOREIGN KEY (`community_id`) REFERENCES `communities` (`id`)
) ENGINE=InnoDB DEFAULT CHARSET=utf8mb4 COLLATE=utf8mb4_unicode_ci;
/*!40101 SET character_set_client = @saved_cs_client */;

--
-- Dumping data for table `users_communities`
--

LOCK TABLES `users_communities` WRITE;
/*!40000 ALTER TABLE `users_communities` DISABLE KEYS */;
INSERT INTO `users_communities` VALUES (1,1),(2,2),(3,3),(4,4),(5,5),(6,6),(7,7),(8,8),(9,9),(10,10),(11,11),(12,12),(13,13),(14,14),(15,15),(16,16),(17,17),(18,18),(19,19),(20,20),(21,21),(22,22),(23,23),(24,24),(25,25),(26,26),(27,27),(28,28),(29,29),(30,30),(31,31),(32,32),(33,33),(34,34),(35,35),(36,36),(37,37),(38,38),(39,39),(40,40),(41,41),(42,42),(43,43),(44,44),(45,45),(46,46),(47,47),(48,48),(49,49),(50,50),(51,51),(52,52),(53,53),(54,54),(55,55),(56,56),(57,57),(58,58),(59,59),(60,60),(61,61),(62,62),(63,63),(64,64),(65,65),(66,66),(67,67),(68,68),(69,69),(70,70),(71,71),(72,72),(73,73),(74,74),(75,75),(76,76),(77,77),(78,78),(79,79),(80,80),(81,81),(82,82),(83,83),(84,84),(85,85),(86,86),(87,87),(88,88),(89,89),(90,90),(91,91),(92,92),(93,93),(94,94),(95,95),(96,96),(97,97),(98,98),(99,99),(100,100);
/*!40000 ALTER TABLE `users_communities` ENABLE KEYS */;
UNLOCK TABLES;
/*!40103 SET TIME_ZONE=@OLD_TIME_ZONE */;

/*!40101 SET SQL_MODE=@OLD_SQL_MODE */;
/*!40014 SET FOREIGN_KEY_CHECKS=@OLD_FOREIGN_KEY_CHECKS */;
/*!40014 SET UNIQUE_CHECKS=@OLD_UNIQUE_CHECKS */;
/*!40101 SET CHARACTER_SET_CLIENT=@OLD_CHARACTER_SET_CLIENT */;
/*!40101 SET CHARACTER_SET_RESULTS=@OLD_CHARACTER_SET_RESULTS */;
/*!40101 SET COLLATION_CONNECTION=@OLD_COLLATION_CONNECTION */;
/*!40111 SET SQL_NOTES=@OLD_SQL_NOTES */;

-- Dump completed on 2022-10-02 11:59:26

-- 1 
 SELECT* FROM users ORDER BY firstname;
 -- 2 
 ALTER TABLE profiles ADD is_active BIT DEFAULT false NULL;
 UPDATE profiles
SET is_active = 1
WHERE YEAR(CURRENT_TIMESTAMP) - YEAR(birthday) - (RIGHT(CURRENT_TIMESTAMP, 5) < RIGHT(birthday, 5)) < 18
;
-- 3 
DELETE FROM messages
WHERE created_at > now()
;
--        (  )